date,country,SiteName,Technology,updatedby,updatetime,Volume
2024-01-01,France,Blenod-5,Gas,petroineos,2026-06-05 00:53:47.997315,6753.0
2024-01-02,France,Blenod-5,Gas,petroineos,2026-06-05 00:53:47.997315,3896.0
2024-01-03,France,Blenod-5,Gas,petroineos,2026-06-05 00:53:47.997315,3636.0
2024-01-04,France,Blenod-5,Gas,petroineos,2026-06-05 00:53:47.997315,5138.0
2024-01-05,France,Blenod-5,Gas,petroineos,2026-06-05 00:53:47.997315,5265.0
2024-01-06,France,Blenod-5,Gas,petroineos,2026-06-05 00:53:47.997315,5052.0
2024-01-07,France,Blenod-5,Gas,petroineos,2026-06-05 00:53:47.997315,6136.0
2024-01-08,France,Blenod-5,Gas,petroineos,2026-06-05 00:53:47.997315,5554.0
2024-01-09,France,Blenod-5,Gas,petroineos,2026-06-05 00:53:47.997315,3533.0
2024-01-10,France,Blenod-5,Gas,petroineos,2026-06-05 00:53:47.997315,5835.0
2024-01-11,France,Blenod-5,Gas,petroineos,2026-06-05 00:53:47.997315,4914.0
2024-01-12,France,Blenod-5,Gas,petroineos,2026-06-05 00:53:47.997315,6393.0
2024-01-13,France,Blenod-5,Gas,petroineos,2026-06-05 00:53:47.997315,6360.0
2024-01-14,France,Blenod-5,Gas,petroineos,2026-06-05 00:53:47.997315,5534.0
2024-01-15,France,Blenod-5,Gas,petroineos,2026-06-05 00:53:47.997315,4809.0
2024-01-16,France,Blenod-5,Gas,petroineos,2026-06-05 00:53:47.997315,6890.0
2024-01-17,France,Blenod-5,Gas,petroineos,2026-06-05 00:53:47.997315,4912.0
2024-01-18,France,Blenod-5,Gas,petroineos,2026-06-05 00:53:47.997315,3295.0
2024-01-19,France,Blenod-5,Gas,petroineos,2026-06-05 00:53:47.997315,4808.0
2024-01-20,France,Blenod-5,Gas,petroineos,2026-06-05 00:53:47.997315,5244.0
2024-01-21,France,Blenod-5,Gas,petroineos,2026-06-05 00:53:47.997315,5270.0
2024-01-22,France,Blenod-5,Gas,petroineos,2026-06-05 00:53:47.997315,4784.0
2024-01-23,France,Blenod-5,Gas,petroineos,2026-06-05 00:53:47.997315,6627.0
2024-01-24,France,Blenod-5,Gas,petroineos,2026-06-05 00:53:47.997315,4324.0
2024-01-25,France,Blenod-5,Gas,petroineos,2026-06-05 00:53:47.997315,4405.0
2024-01-26,France,Blenod-5,Gas,petroineos,2026-06-05 00:53:47.997315,5643.0
2024-01-27,France,Blenod-5,Gas,petroineos,2026-06-05 00:53:47.997315,4705.0
2024-01-28,France,Blenod-5,Gas,petroineos,2026-06-05 00:53:47.997315,5810.0
2024-01-29,France,Blenod-5,Gas,petroineos,2026-06-05 00:53:47.997315,6190.0
2024-01-30,France,Blenod-5,Gas,petroineos,2026-06-05 00:53:47.997315,6101.0
2024-01-31,France,Blenod-5,Gas,petroineos,2026-06-05 00:53:47.997315,3347.0
2024-02-01,France,Blenod-5,Gas,petroineos,2026-06-05 00:53:47.997315,3648.0
2024-02-02,France,Blenod-5,Gas,petroineos,2026-06-05 00:53:47.997315,6059.0
2024-02-03,France,Blenod-5,Gas,petroineos,2026-06-05 00:53:47.997315,4576.0
2024-02-04,France,Blenod-5,Gas,petroineos,2026-06-05 00:53:47.997315,4906.0
2024-02-05,France,Blenod-5,Gas,petroineos,2026-06-05 00:53:47.997315,3632.0
2024-02-06,France,Blenod-5,Gas,petroineos,2026-06-05 00:53:47.997315,4285.0
2024-02-07,France,Blenod-5,Gas,petroineos,2026-06-05 00:53:47.997315,3934.0
2024-02-08,France,Blenod-5,Gas,petroineos,2026-06-05 00:53:47.997315,6413.0
2024-02-09,France,Blenod-5,Gas,petroineos,2026-06-05 00:53:47.997315,6350.0
2024-02-10,France,Blenod-5,Gas,petroineos,2026-06-05 00:53:47.997315,3818.0
2024-02-11,France,Blenod-5,Gas,petroineos,2026-06-05 00:53:47.997315,6417.0
2024-02-12,France,Blenod-5,Gas,petroineos,2026-06-05 00:53:47.997315,6895.0
2024-02-13,France,Blenod-5,Gas,petroineos,2026-06-05 00:53:47.997315,4590.0
2024-02-14,France,Blenod-5,Gas,petroineos,2026-06-05 00:53:47.997315,3720.0
2024-02-15,France,Blenod-5,Gas,petroineos,2026-06-05 00:53:47.997315,4506.0
2024-02-16,France,Blenod-5,Gas,petroineos,2026-06-05 00:53:47.997315,5881.0
2024-02-17,France,Blenod-5,Gas,petroineos,2026-06-05 00:53:47.997315,5635.0
2024-02-18,France,Blenod-5,Gas,petroineos,2026-06-05 00:53:47.997315,4108.0
2024-02-19,France,Blenod-5,Gas,petroineos,2026-06-05 00:53:47.997315,3851.0
2024-02-20,France,Blenod-5,Gas,petroineos,2026-06-05 00:53:47.997315,6155.0
2024-02-21,France,Blenod-5,Gas,petroineos,2026-06-05 00:53:47.997315,5208.0
2024-02-22,France,Blenod-5,Gas,petroineos,2026-06-05 00:53:47.997315,3489.0
2024-02-23,France,Blenod-5,Gas,petroineos,2026-06-05 00:53:47.997315,4284.0
2024-02-24,France,Blenod-5,Gas,petroineos,2026-06-05 00:53:47.997315,5529.0
2024-02-25,France,Blenod-5,Gas,petroineos,2026-06-05 00:53:47.997315,6495.0
2024-02-26,France,Blenod-5,Gas,petroineos,2026-06-05 00:53:47.997315,3556.0
2024-02-27,France,Blenod-5,Gas,petroineos,2026-06-05 00:53:47.997315,5703.0
2024-02-28,France,Blenod-5,Gas,petroineos,2026-06-05 00:53:47.997315,3866.0
2024-02-29,France,Blenod-5,Gas,petroineos,2026-06-05 00:53:47.997315,4298.0
2024-03-01,France,Blenod-5,Gas,petroineos,2026-06-05 00:53:47.997315,5206.0
2024-03-02,France,Blenod-5,Gas,petroineos,2026-06-05 00:53:47.997315,3541.0
2024-03-03,France,Blenod-5,Gas,petroineos,2026-06-05 00:53:47.997315,5206.0
2024-03-04,France,Blenod-5,Gas,petroineos,2026-06-05 00:53:47.997315,4498.0
2024-03-05,France,Blenod-5,Gas,petroineos,2026-06-05 00:53:47.997315,6179.0
2024-03-06,France,Blenod-5,Gas,petroineos,2026-06-05 00:53:47.997315,4342.0
2024-03-07,France,Blenod-5,Gas,petroineos,2026-06-05 00:53:47.997315,5712.0
2024-03-08,France,Blenod-5,Gas,petroineos,2026-06-05 00:53:47.997315,4607.0
2024-03-09,France,Blenod-5,Gas,petroineos,2026-06-05 00:53:47.997315,4094.0
2024-03-10,France,Blenod-5,Gas,petroineos,2026-06-05 00:53:47.997315,5183.0
2024-03-11,France,Blenod-5,Gas,petroineos,2026-06-05 00:53:47.997315,3666.0
2024-03-12,France,Blenod-5,Gas,petroineos,2026-06-05 00:53:47.997315,3707.0
2024-03-13,France,Blenod-5,Gas,petroineos,2026-06-05 00:53:47.997315,6135.0
2024-03-14,France,Blenod-5,Gas,petroineos,2026-06-05 00:53:47.997315,3361.0
2024-03-15,France,Blenod-5,Gas,petroineos,2026-06-05 00:53:47.997315,5791.0
2024-03-16,France,Blenod-5,Gas,petroineos,2026-06-05 00:53:47.997315,4791.0
2024-03-17,France,Blenod-5,Gas,petroineos,2026-06-05 00:53:47.997315,6399.0
2024-03-18,France,Blenod-5,Gas,petroineos,2026-06-05 00:53:47.997315,3256.0
2024-03-19,France,Blenod-5,Gas,petroineos,2026-06-05 00:53:47.997315,6084.0
2024-03-20,France,Blenod-5,Gas,petroineos,2026-06-05 00:53:47.997315,4478.0
2024-03-21,France,Blenod-5,Gas,petroineos,2026-06-05 00:53:47.997315,3122.0
2024-03-22,France,Blenod-5,Gas,petroineos,2026-06-05 00:53:47.997315,3612.0
2024-03-23,France,Blenod-5,Gas,petroineos,2026-06-05 00:53:47.997315,5584.0
2024-03-24,France,Blenod-5,Gas,petroineos,2026-06-05 00:53:47.997315,4026.0
2024-03-25,France,Blenod-5,Gas,petroineos,2026-06-05 00:53:47.997315,6371.0
2024-03-26,France,Blenod-5,Gas,petroineos,2026-06-05 00:53:47.997315,5205.0
2024-03-27,France,Blenod-5,Gas,petroineos,2026-06-05 00:53:47.997315,5342.0
2024-03-28,France,Blenod-5,Gas,petroineos,2026-06-05 00:53:47.997315,3464.0
2024-03-29,France,Blenod-5,Gas,petroineos,2026-06-05 00:53:47.997315,3785.0
2024-03-30,France,Blenod-5,Gas,petroineos,2026-06-05 00:53:47.997315,4324.0
2024-03-31,France,Blenod-5,Gas,petroineos,2026-06-05 00:53:47.997315,6265.0
2024-04-01,France,Blenod-5,Gas,petroineos,2026-06-05 00:53:47.997315,6970.0
2024-04-02,France,Blenod-5,Gas,petroineos,2026-06-05 00:53:47.997315,4795.0
2024-04-03,France,Blenod-5,Gas,petroineos,2026-06-05 00:53:47.997315,6663.0
2024-04-04,France,Blenod-5,Gas,petroineos,2026-06-05 00:53:47.997315,5778.0
2024-04-05,France,Blenod-5,Gas,petroineos,2026-06-05 00:53:47.997315,3848.0
2024-04-06,France,Blenod-5,Gas,petroineos,2026-06-05 00:53:47.997315,4987.0
2024-04-07,France,Blenod-5,Gas,petroineos,2026-06-05 00:53:47.997315,4348.0
2024-04-08,France,Blenod-5,Gas,petroineos,2026-06-05 00:53:47.997315,4338.0
2024-04-09,France,Blenod-5,Gas,petroineos,2026-06-05 00:53:47.997315,3292.0
2024-04-10,France,Blenod-5,Gas,petroineos,2026-06-05 00:53:47.997315,6542.0
2024-04-11,France,Blenod-5,Gas,petroineos,2026-06-05 00:53:47.997315,3235.0
2024-04-12,France,Blenod-5,Gas,petroineos,2026-06-05 00:53:47.997315,3417.0
2024-04-13,France,Blenod-5,Gas,petroineos,2026-06-05 00:53:47.997315,3571.0
2024-04-14,France,Blenod-5,Gas,petroineos,2026-06-05 00:53:47.997315,5242.0
2024-04-15,France,Blenod-5,Gas,petroineos,2026-06-05 00:53:47.997315,3903.0
2024-04-16,France,Blenod-5,Gas,petroineos,2026-06-05 00:53:47.997315,4792.0
2024-04-17,France,Blenod-5,Gas,petroineos,2026-06-05 00:53:47.997315,5785.0
2024-04-18,France,Blenod-5,Gas,petroineos,2026-06-05 00:53:47.997315,5605.0
2024-04-19,France,Blenod-5,Gas,petroineos,2026-06-05 00:53:47.997315,5915.0
2024-04-20,France,Blenod-5,Gas,petroineos,2026-06-05 00:53:47.997315,5112.0
2024-04-21,France,Blenod-5,Gas,petroineos,2026-06-05 00:53:47.997315,4419.0
2024-04-22,France,Blenod-5,Gas,petroineos,2026-06-05 00:53:47.997315,5840.0
2024-04-23,France,Blenod-5,Gas,petroineos,2026-06-05 00:53:47.997315,5553.0
2024-04-24,France,Blenod-5,Gas,petroineos,2026-06-05 00:53:47.997315,5016.0
2024-04-25,France,Blenod-5,Gas,petroineos,2026-06-05 00:53:47.997315,4491.0
2024-04-26,France,Blenod-5,Gas,petroineos,2026-06-05 00:53:47.997315,5332.0
2024-04-27,France,Blenod-5,Gas,petroineos,2026-06-05 00:53:47.997315,5812.0
2024-04-28,France,Blenod-5,Gas,petroineos,2026-06-05 00:53:47.997315,4692.0
2024-04-29,France,Blenod-5,Gas,petroineos,2026-06-05 00:53:47.997315,6016.0
2024-04-30,France,Blenod-5,Gas,petroineos,2026-06-05 00:53:47.997315,4345.0
2024-05-01,France,Blenod-5,Gas,petroineos,2026-06-05 00:53:47.997315,6812.0
2024-05-02,France,Blenod-5,Gas,petroineos,2026-06-05 00:53:47.997315,3929.0
2024-05-03,France,Blenod-5,Gas,petroineos,2026-06-05 00:53:47.997315,6339.0
2024-05-04,France,Blenod-5,Gas,petroineos,2026-06-05 00:53:47.997315,4372.0
2024-05-05,France,Blenod-5,Gas,petroineos,2026-06-05 00:53:47.997315,6898.0
2024-05-06,France,Blenod-5,Gas,petroineos,2026-06-05 00:53:47.997315,6373.0
2024-05-07,France,Blenod-5,Gas,petroineos,2026-06-05 00:53:47.997315,4871.0
2024-05-08,France,Blenod-5,Gas,petroineos,2026-06-05 00:53:47.997315,6698.0
2024-05-09,France,Blenod-5,Gas,petroineos,2026-06-05 00:53:47.997315,3382.0
2024-05-10,France,Blenod-5,Gas,petroineos,2026-06-05 00:53:47.997315,5369.0
2024-05-11,France,Blenod-5,Gas,petroineos,2026-06-05 00:53:47.997315,4198.0
2024-05-12,France,Blenod-5,Gas,petroineos,2026-06-05 00:53:47.997315,3191.0
2024-05-13,France,Blenod-5,Gas,petroineos,2026-06-05 00:53:47.997315,4577.0
2024-05-14,France,Blenod-5,Gas,petroineos,2026-06-05 00:53:47.997315,5487.0
2024-05-15,France,Blenod-5,Gas,petroineos,2026-06-05 00:53:47.997315,3744.0
2024-05-16,France,Blenod-5,Gas,petroineos,2026-06-05 00:53:47.997315,6634.0
2024-05-17,France,Blenod-5,Gas,petroineos,2026-06-05 00:53:47.997315,3059.0
2024-05-18,France,Blenod-5,Gas,petroineos,2026-06-05 00:53:47.997315,5242.0
2024-05-19,France,Blenod-5,Gas,petroineos,2026-06-05 00:53:47.997315,6542.0
2024-05-20,France,Blenod-5,Gas,petroineos,2026-06-05 00:53:47.997315,4223.0
2024-05-21,France,Blenod-5,Gas,petroineos,2026-06-05 00:53:47.997315,3397.0
2024-05-22,France,Blenod-5,Gas,petroineos,2026-06-05 00:53:47.997315,3147.0
2024-05-23,France,Blenod-5,Gas,petroineos,2026-06-05 00:53:47.997315,4398.0
2024-05-24,France,Blenod-5,Gas,petroineos,2026-06-05 00:53:47.997315,5643.0
2024-05-25,France,Blenod-5,Gas,petroineos,2026-06-05 00:53:47.997315,6551.0
2024-05-26,France,Blenod-5,Gas,petroineos,2026-06-05 00:53:47.997315,6166.0
2024-05-27,France,Blenod-5,Gas,petroineos,2026-06-05 00:53:47.997315,4425.0
2024-05-28,France,Blenod-5,Gas,petroineos,2026-06-05 00:53:47.997315,5922.0
2024-05-29,France,Blenod-5,Gas,petroineos,2026-06-05 00:53:47.997315,4889.0
2024-05-30,France,Blenod-5,Gas,petroineos,2026-06-05 00:53:47.997315,3333.0
2024-05-31,France,Blenod-5,Gas,petroineos,2026-06-05 00:53:47.997315,5562.0
2024-06-01,France,Blenod-5,Gas,petroineos,2026-06-05 00:53:47.997315,4252.0
2024-06-02,France,Blenod-5,Gas,petroineos,2026-06-05 00:53:47.997315,5211.0
2024-06-03,France,Blenod-5,Gas,petroineos,2026-06-05 00:53:47.997315,3853.0
2024-06-04,France,Blenod-5,Gas,petroineos,2026-06-05 00:53:47.997315,5685.0
2024-06-05,France,Blenod-5,Gas,petroineos,2026-06-05 00:53:47.997315,4712.0
2024-06-06,France,Blenod-5,Gas,petroineos,2026-06-05 00:53:47.997315,3572.0
2024-06-07,France,Blenod-5,Gas,petroineos,2026-06-05 00:53:47.997315,4729.0
2024-06-08,France,Blenod-5,Gas,petroineos,2026-06-05 00:53:47.997315,3845.0
2024-06-09,France,Blenod-5,Gas,petroineos,2026-06-05 00:53:47.997315,5379.0
2024-06-10,France,Blenod-5,Gas,petroineos,2026-06-05 00:53:47.997315,6316.0
2024-06-11,France,Blenod-5,Gas,petroineos,2026-06-05 00:53:47.997315,5513.0
2024-06-12,France,Blenod-5,Gas,petroineos,2026-06-05 00:53:47.997315,5735.0
2024-06-13,France,Blenod-5,Gas,petroineos,2026-06-05 00:53:47.997315,5589.0
2024-06-14,France,Blenod-5,Gas,petroineos,2026-06-05 00:53:47.997315,5274.0
2024-06-15,France,Blenod-5,Gas,petroineos,2026-06-05 00:53:47.997315,4911.0
2024-06-16,France,Blenod-5,Gas,petroineos,2026-06-05 00:53:47.997315,3411.0
2024-06-17,France,Blenod-5,Gas,petroineos,2026-06-05 00:53:47.997315,6365.0
2024-06-18,France,Blenod-5,Gas,petroineos,2026-06-05 00:53:47.997315,6733.0
2024-06-19,France,Blenod-5,Gas,petroineos,2026-06-05 00:53:47.997315,5483.0
2024-06-20,France,Blenod-5,Gas,petroineos,2026-06-05 00:53:47.997315,4188.0
2024-06-21,France,Blenod-5,Gas,petroineos,2026-06-05 00:53:47.997315,4352.0
2024-06-22,France,Blenod-5,Gas,petroineos,2026-06-05 00:53:47.997315,3159.0
2024-06-23,France,Blenod-5,Gas,petroineos,2026-06-05 00:53:47.997315,4593.0
2024-06-24,France,Blenod-5,Gas,petroineos,2026-06-05 00:53:47.997315,5551.0
2024-06-25,France,Blenod-5,Gas,petroineos,2026-06-05 00:53:47.997315,6870.0
2024-06-26,France,Blenod-5,Gas,petroineos,2026-06-05 00:53:47.997315,5883.0
2024-06-27,France,Blenod-5,Gas,petroineos,2026-06-05 00:53:47.997315,3083.0
2024-06-28,France,Blenod-5,Gas,petroineos,2026-06-05 00:53:47.997315,3403.0
2024-06-29,France,Blenod-5,Gas,petroineos,2026-06-05 00:53:47.997315,6768.0
2024-06-30,France,Blenod-5,Gas,petroineos,2026-06-05 00:53:47.997315,3442.0
2024-07-01,France,Blenod-5,Gas,petroineos,2026-06-05 00:53:47.997315,5740.0
2024-07-02,France,Blenod-5,Gas,petroineos,2026-06-05 00:53:47.997315,4603.0
2024-07-03,France,Blenod-5,Gas,petroineos,2026-06-05 00:53:47.997315,3299.0
2024-07-04,France,Blenod-5,Gas,petroineos,2026-06-05 00:53:47.997315,4340.0
2024-07-05,France,Blenod-5,Gas,petroineos,2026-06-05 00:53:47.997315,6253.0
2024-07-06,France,Blenod-5,Gas,petroineos,2026-06-05 00:53:47.997315,6451.0
2024-07-07,France,Blenod-5,Gas,petroineos,2026-06-05 00:53:47.997315,6397.0
2024-07-08,France,Blenod-5,Gas,petroineos,2026-06-05 00:53:47.997315,3414.0
2024-07-09,France,Blenod-5,Gas,petroineos,2026-06-05 00:53:47.997315,6212.0
2024-07-10,France,Blenod-5,Gas,petroineos,2026-06-05 00:53:47.997315,5747.0
2024-07-11,France,Blenod-5,Gas,petroineos,2026-06-05 00:53:47.997315,6460.0
2024-07-12,France,Blenod-5,Gas,petroineos,2026-06-05 00:53:47.997315,3457.0
2024-07-13,France,Blenod-5,Gas,petroineos,2026-06-05 00:53:47.997315,4732.0
2024-07-14,France,Blenod-5,Gas,petroineos,2026-06-05 00:53:47.997315,3315.0
2024-07-15,France,Blenod-5,Gas,petroineos,2026-06-05 00:53:47.997315,5317.0
2024-07-16,France,Blenod-5,Gas,petroineos,2026-06-05 00:53:47.997315,5568.0
2024-07-17,France,Blenod-5,Gas,petroineos,2026-06-05 00:53:47.997315,6680.0
2024-07-18,France,Blenod-5,Gas,petroineos,2026-06-05 00:53:47.997315,4673.0
2024-07-19,France,Blenod-5,Gas,petroineos,2026-06-05 00:53:47.997315,4268.0
2024-07-20,France,Blenod-5,Gas,petroineos,2026-06-05 00:53:47.997315,3687.0
2024-07-21,France,Blenod-5,Gas,petroineos,2026-06-05 00:53:47.997315,5917.0
2024-07-22,France,Blenod-5,Gas,petroineos,2026-06-05 00:53:47.997315,3950.0
2024-07-23,France,Blenod-5,Gas,petroineos,2026-06-05 00:53:47.997315,4076.0
2024-07-24,France,Blenod-5,Gas,petroineos,2026-06-05 00:53:47.997315,4312.0
2024-07-25,France,Blenod-5,Gas,petroineos,2026-06-05 00:53:47.997315,4185.0
2024-07-26,France,Blenod-5,Gas,petroineos,2026-06-05 00:53:47.997315,4306.0
2024-07-27,France,Blenod-5,Gas,petroineos,2026-06-05 00:53:47.997315,5345.0
2024-07-28,France,Blenod-5,Gas,petroineos,2026-06-05 00:53:47.997315,5425.0
2024-07-29,France,Blenod-5,Gas,petroineos,2026-06-05 00:53:47.997315,5672.0
2024-07-30,France,Blenod-5,Gas,petroineos,2026-06-05 00:53:47.997315,6028.0
2024-07-31,France,Blenod-5,Gas,petroineos,2026-06-05 00:53:47.997315,3115.0
2024-08-01,France,Blenod-5,Gas,petroineos,2026-06-05 00:53:47.997315,6646.0
2024-08-02,France,Blenod-5,Gas,petroineos,2026-06-05 00:53:47.997315,4353.0
2024-08-03,France,Blenod-5,Gas,petroineos,2026-06-05 00:53:47.997315,6288.0
2024-08-04,France,Blenod-5,Gas,petroineos,2026-06-05 00:53:47.997315,3467.0
2024-08-05,France,Blenod-5,Gas,petroineos,2026-06-05 00:53:47.997315,4268.0
2024-08-06,France,Blenod-5,Gas,petroineos,2026-06-05 00:53:47.997315,4203.0
2024-08-07,France,Blenod-5,Gas,petroineos,2026-06-05 00:53:47.997315,5812.0
2024-08-08,France,Blenod-5,Gas,petroineos,2026-06-05 00:53:47.997315,5394.0
2024-08-09,France,Blenod-5,Gas,petroineos,2026-06-05 00:53:47.997315,3762.0
2024-08-10,France,Blenod-5,Gas,petroineos,2026-06-05 00:53:47.997315,4815.0
2024-08-11,France,Blenod-5,Gas,petroineos,2026-06-05 00:53:47.997315,5657.0
2024-08-12,France,Blenod-5,Gas,petroineos,2026-06-05 00:53:47.997315,4605.0
2024-08-13,France,Blenod-5,Gas,petroineos,2026-06-05 00:53:47.997315,5101.0
2024-08-14,France,Blenod-5,Gas,petroineos,2026-06-05 00:53:47.997315,3104.0
2024-08-15,France,Blenod-5,Gas,petroineos,2026-06-05 00:53:47.997315,5824.0
2024-08-16,France,Blenod-5,Gas,petroineos,2026-06-05 00:53:47.997315,6843.0
2024-08-17,France,Blenod-5,Gas,petroineos,2026-06-05 00:53:47.997315,6836.0
2024-08-18,France,Blenod-5,Gas,petroineos,2026-06-05 00:53:47.997315,4144.0
2024-08-19,France,Blenod-5,Gas,petroineos,2026-06-05 00:53:47.997315,6635.0
2024-08-20,France,Blenod-5,Gas,petroineos,2026-06-05 00:53:47.997315,5013.0
2024-08-21,France,Blenod-5,Gas,petroineos,2026-06-05 00:53:47.997315,6750.0
2024-08-22,France,Blenod-5,Gas,petroineos,2026-06-05 00:53:47.997315,6562.0
2024-08-23,France,Blenod-5,Gas,petroineos,2026-06-05 00:53:47.997315,6973.0
2024-08-24,France,Blenod-5,Gas,petroineos,2026-06-05 00:53:47.997315,6625.0
2024-08-25,France,Blenod-5,Gas,petroineos,2026-06-05 00:53:47.997315,5548.0
2024-08-26,France,Blenod-5,Gas,petroineos,2026-06-05 00:53:47.997315,3472.0
2024-08-27,France,Blenod-5,Gas,petroineos,2026-06-05 00:53:47.997315,4113.0
2024-08-28,France,Blenod-5,Gas,petroineos,2026-06-05 00:53:47.997315,6508.0
2024-08-29,France,Blenod-5,Gas,petroineos,2026-06-05 00:53:47.997315,4691.0
2024-08-30,France,Blenod-5,Gas,petroineos,2026-06-05 00:53:47.997315,4836.0
2024-08-31,France,Blenod-5,Gas,petroineos,2026-06-05 00:53:47.997315,5336.0
2024-09-01,France,Blenod-5,Gas,petroineos,2026-06-05 00:53:47.997315,4311.0
2024-09-02,France,Blenod-5,Gas,petroineos,2026-06-05 00:53:47.997315,5578.0
2024-09-03,France,Blenod-5,Gas,petroineos,2026-06-05 00:53:47.997315,4211.0
2024-09-04,France,Blenod-5,Gas,petroineos,2026-06-05 00:53:47.997315,6833.0
2024-09-05,France,Blenod-5,Gas,petroineos,2026-06-05 00:53:47.997315,3474.0
2024-09-06,France,Blenod-5,Gas,petroineos,2026-06-05 00:53:47.997315,3116.0
2024-09-07,France,Blenod-5,Gas,petroineos,2026-06-05 00:53:47.997315,3616.0
2024-09-08,France,Blenod-5,Gas,petroineos,2026-06-05 00:53:47.997315,5818.0
2024-09-09,France,Blenod-5,Gas,petroineos,2026-06-05 00:53:47.997315,6922.0
2024-09-10,France,Blenod-5,Gas,petroineos,2026-06-05 00:53:47.997315,3541.0
2024-09-11,France,Blenod-5,Gas,petroineos,2026-06-05 00:53:47.997315,3110.0
2024-09-12,France,Blenod-5,Gas,petroineos,2026-06-05 00:53:47.997315,4097.0
2024-09-13,France,Blenod-5,Gas,petroineos,2026-06-05 00:53:47.997315,3211.0
2024-09-14,France,Blenod-5,Gas,petroineos,2026-06-05 00:53:47.997315,4205.0
2024-09-15,France,Blenod-5,Gas,petroineos,2026-06-05 00:53:47.997315,4452.0
2024-09-16,France,Blenod-5,Gas,petroineos,2026-06-05 00:53:47.997315,6455.0
2024-09-17,France,Blenod-5,Gas,petroineos,2026-06-05 00:53:47.997315,6440.0
2024-09-18,France,Blenod-5,Gas,petroineos,2026-06-05 00:53:47.997315,5438.0
2024-09-19,France,Blenod-5,Gas,petroineos,2026-06-05 00:53:47.997315,5086.0
2024-09-20,France,Blenod-5,Gas,petroineos,2026-06-05 00:53:47.997315,6153.0
2024-09-21,France,Blenod-5,Gas,petroineos,2026-06-05 00:53:47.997315,3985.0
2024-09-22,France,Blenod-5,Gas,petroineos,2026-06-05 00:53:47.997315,5041.0
2024-09-23,France,Blenod-5,Gas,petroineos,2026-06-05 00:53:47.997315,5853.0
2024-09-24,France,Blenod-5,Gas,petroineos,2026-06-05 00:53:47.997315,5700.0
2024-09-25,France,Blenod-5,Gas,petroineos,2026-06-05 00:53:47.997315,4808.0
2024-09-26,France,Blenod-5,Gas,petroineos,2026-06-05 00:53:47.997315,6085.0
2024-09-27,France,Blenod-5,Gas,petroineos,2026-06-05 00:53:47.997315,4870.0
2024-09-28,France,Blenod-5,Gas,petroineos,2026-06-05 00:53:47.997315,4292.0
2024-09-29,France,Blenod-5,Gas,petroineos,2026-06-05 00:53:47.997315,4755.0
2024-09-30,France,Blenod-5,Gas,petroineos,2026-06-05 00:53:47.997315,4286.0
2024-10-01,France,Blenod-5,Gas,petroineos,2026-06-05 00:53:47.997315,6276.0
2024-10-02,France,Blenod-5,Gas,petroineos,2026-06-05 00:53:47.997315,4121.0
2024-10-03,France,Blenod-5,Gas,petroineos,2026-06-05 00:53:47.997315,4397.0
2024-10-04,France,Blenod-5,Gas,petroineos,2026-06-05 00:53:47.997315,6487.0
2024-10-05,France,Blenod-5,Gas,petroineos,2026-06-05 00:53:47.997315,4725.0
2024-10-06,France,Blenod-5,Gas,petroineos,2026-06-05 00:53:47.997315,4181.0
2024-10-07,France,Blenod-5,Gas,petroineos,2026-06-05 00:53:47.997315,4645.0
2024-10-08,France,Blenod-5,Gas,petroineos,2026-06-05 00:53:47.997315,4367.0
2024-10-09,France,Blenod-5,Gas,petroineos,2026-06-05 00:53:47.997315,6777.0
2024-10-10,France,Blenod-5,Gas,petroineos,2026-06-05 00:53:47.997315,5555.0
2024-10-11,France,Blenod-5,Gas,petroineos,2026-06-05 00:53:47.997315,6466.0
2024-10-12,France,Blenod-5,Gas,petroineos,2026-06-05 00:53:47.997315,5051.0
2024-10-13,France,Blenod-5,Gas,petroineos,2026-06-05 00:53:47.997315,5059.0
2024-10-14,France,Blenod-5,Gas,petroineos,2026-06-05 00:53:47.997315,3919.0
2024-10-15,France,Blenod-5,Gas,petroineos,2026-06-05 00:53:47.997315,6583.0
2024-10-16,France,Blenod-5,Gas,petroineos,2026-06-05 00:53:47.997315,6107.0
2024-10-17,France,Blenod-5,Gas,petroineos,2026-06-05 00:53:47.997315,6973.0
2024-10-18,France,Blenod-5,Gas,petroineos,2026-06-05 00:53:47.997315,5725.0
2024-10-19,France,Blenod-5,Gas,petroineos,2026-06-05 00:53:47.997315,5786.0
2024-10-20,France,Blenod-5,Gas,petroineos,2026-06-05 00:53:47.997315,5742.0
2024-10-21,France,Blenod-5,Gas,petroineos,2026-06-05 00:53:47.997315,0.0
2024-10-22,France,Blenod-5,Gas,petroineos,2026-06-05 00:53:47.997315,0.0
2024-10-23,France,Blenod-5,Gas,petroineos,2026-06-05 00:53:47.997315,0.0
2024-10-24,France,Blenod-5,Gas,petroineos,2026-06-05 00:53:47.997315,0.0
2024-10-25,France,Blenod-5,Gas,petroineos,2026-06-05 00:53:47.997315,0.0
2024-10-26,France,Blenod-5,Gas,petroineos,2026-06-05 00:53:47.997315,0.0
2024-10-27,France,Blenod-5,Gas,petroineos,2026-06-05 00:53:47.997315,6065.0
2024-10-28,France,Blenod-5,Gas,petroineos,2026-06-05 00:53:47.997315,5745.0
2024-10-29,France,Blenod-5,Gas,petroineos,2026-06-05 00:53:47.997315,3061.0
2024-10-30,France,Blenod-5,Gas,petroineos,2026-06-05 00:53:47.997315,4387.0
2024-10-31,France,Blenod-5,Gas,petroineos,2026-06-05 00:53:47.997315,5929.0
2024-11-01,France,Blenod-5,Gas,petroineos,2026-06-05 00:53:47.997315,6942.0
2024-11-02,France,Blenod-5,Gas,petroineos,2026-06-05 00:53:47.997315,5356.0
2024-11-03,France,Blenod-5,Gas,petroineos,2026-06-05 00:53:47.997315,3108.0
2024-11-04,France,Blenod-5,Gas,petroineos,2026-06-05 00:53:47.997315,6518.0
2024-11-05,France,Blenod-5,Gas,petroineos,2026-06-05 00:53:47.997315,5648.0
2024-11-06,France,Blenod-5,Gas,petroineos,2026-06-05 00:53:47.997315,3198.0
2024-11-07,France,Blenod-5,Gas,petroineos,2026-06-05 00:53:47.997315,3469.0
2024-11-08,France,Blenod-5,Gas,petroineos,2026-06-05 00:53:47.997315,3115.0
2024-11-09,France,Blenod-5,Gas,petroineos,2026-06-05 00:53:47.997315,5008.0
2024-11-10,France,Blenod-5,Gas,petroineos,2026-06-05 00:53:47.997315,6502.0
2024-11-11,France,Blenod-5,Gas,petroineos,2026-06-05 00:53:47.997315,3251.0
2024-11-12,France,Blenod-5,Gas,petroineos,2026-06-05 00:53:47.997315,6684.0
2024-11-13,France,Blenod-5,Gas,petroineos,2026-06-05 00:53:47.997315,5930.0
2024-11-14,France,Blenod-5,Gas,petroineos,2026-06-05 00:53:47.997315,4123.0
2024-11-15,France,Blenod-5,Gas,petroineos,2026-06-05 00:53:47.997315,4914.0
2024-11-16,France,Blenod-5,Gas,petroineos,2026-06-05 00:53:47.997315,5939.0
2024-11-17,France,Blenod-5,Gas,petroineos,2026-06-05 00:53:47.997315,6077.0
2024-11-18,France,Blenod-5,Gas,petroineos,2026-06-05 00:53:47.997315,5778.0
2024-11-19,France,Blenod-5,Gas,petroineos,2026-06-05 00:53:47.997315,4014.0
2024-11-20,France,Blenod-5,Gas,petroineos,2026-06-05 00:53:47.997315,3191.0
2024-11-21,France,Blenod-5,Gas,petroineos,2026-06-05 00:53:47.997315,3256.0
2024-11-22,France,Blenod-5,Gas,petroineos,2026-06-05 00:53:47.997315,6828.0
2024-11-23,France,Blenod-5,Gas,petroineos,2026-06-05 00:53:47.997315,5386.0
2024-11-24,France,Blenod-5,Gas,petroineos,2026-06-05 00:53:47.997315,4724.0
2024-11-25,France,Blenod-5,Gas,petroineos,2026-06-05 00:53:47.997315,3817.0
2024-11-26,France,Blenod-5,Gas,petroineos,2026-06-05 00:53:47.997315,3377.0
2024-11-27,France,Blenod-5,Gas,petroineos,2026-06-05 00:53:47.997315,6361.0
2024-11-28,France,Blenod-5,Gas,petroineos,2026-06-05 00:53:47.997315,3201.0
2024-11-29,France,Blenod-5,Gas,petroineos,2026-06-05 00:53:47.997315,5529.0
2024-11-30,France,Blenod-5,Gas,petroineos,2026-06-05 00:53:47.997315,6138.0
2024-12-01,France,Blenod-5,Gas,petroineos,2026-06-05 00:53:47.997315,6985.0
2024-12-02,France,Blenod-5,Gas,petroineos,2026-06-05 00:53:47.997315,5134.0
2024-12-03,France,Blenod-5,Gas,petroineos,2026-06-05 00:53:47.997315,4846.0
2024-12-04,France,Blenod-5,Gas,petroineos,2026-06-05 00:53:47.997315,4081.0
2024-12-05,France,Blenod-5,Gas,petroineos,2026-06-05 00:53:47.997315,3861.0
2024-12-06,France,Blenod-5,Gas,petroineos,2026-06-05 00:53:47.997315,3792.0
2024-12-07,France,Blenod-5,Gas,petroineos,2026-06-05 00:53:47.997315,5016.0
2024-12-08,France,Blenod-5,Gas,petroineos,2026-06-05 00:53:47.997315,3659.0
2024-12-09,France,Blenod-5,Gas,petroineos,2026-06-05 00:53:47.997315,5249.0
2024-12-10,France,Blenod-5,Gas,petroineos,2026-06-05 00:53:47.997315,6813.0
2024-12-11,France,Blenod-5,Gas,petroineos,2026-06-05 00:53:47.997315,5046.0
2024-12-12,France,Blenod-5,Gas,petroineos,2026-06-05 00:53:47.997315,5805.0
2024-12-13,France,Blenod-5,Gas,petroineos,2026-06-05 00:53:47.997315,4020.0
2024-12-14,France,Blenod-5,Gas,petroineos,2026-06-05 00:53:47.997315,3527.0
2024-12-15,France,Blenod-5,Gas,petroineos,2026-06-05 00:53:47.997315,5902.0
2024-12-16,France,Blenod-5,Gas,petroineos,2026-06-05 00:53:47.997315,5125.0
2024-12-17,France,Blenod-5,Gas,petroineos,2026-06-05 00:53:47.997315,4628.0
2024-12-18,France,Blenod-5,Gas,petroineos,2026-06-05 00:53:47.997315,4737.0
2024-12-19,France,Blenod-5,Gas,petroineos,2026-06-05 00:53:47.997315,5259.0
2024-12-20,France,Blenod-5,Gas,petroineos,2026-06-05 00:53:47.997315,3158.0
2024-12-21,France,Blenod-5,Gas,petroineos,2026-06-05 00:53:47.997315,3087.0
2024-12-22,France,Blenod-5,Gas,petroineos,2026-06-05 00:53:47.997315,6621.0
2024-12-23,France,Blenod-5,Gas,petroineos,2026-06-05 00:53:47.997315,3138.0
2024-12-24,France,Blenod-5,Gas,petroineos,2026-06-05 00:53:47.997315,5513.0
2024-12-25,France,Blenod-5,Gas,petroineos,2026-06-05 00:53:47.997315,4101.0
2024-12-26,France,Blenod-5,Gas,petroineos,2026-06-05 00:53:47.997315,5865.0
2024-12-27,France,Blenod-5,Gas,petroineos,2026-06-05 00:53:47.997315,4714.0
2024-12-28,France,Blenod-5,Gas,petroineos,2026-06-05 00:53:47.997315,6930.0
2024-12-29,France,Blenod-5,Gas,petroineos,2026-06-05 00:53:47.997315,6826.0
2024-12-30,France,Blenod-5,Gas,petroineos,2026-06-05 00:53:47.997315,5207.0
2024-12-31,France,Blenod-5,Gas,petroineos,2026-06-05 00:53:47.997315,5766.0
2025-01-01,France,Blenod-5,Gas,petroineos,2026-06-05 00:53:47.997315,4844.0
2025-01-02,France,Blenod-5,Gas,petroineos,2026-06-05 00:53:47.997315,5063.0
2025-01-03,France,Blenod-5,Gas,petroineos,2026-06-05 00:53:47.997315,4145.0
2025-01-04,France,Blenod-5,Gas,petroineos,2026-06-05 00:53:47.997315,6390.0
2025-01-05,France,Blenod-5,Gas,petroineos,2026-06-05 00:53:47.997315,6599.0
2025-01-06,France,Blenod-5,Gas,petroineos,2026-06-05 00:53:47.997315,6488.0
2025-01-07,France,Blenod-5,Gas,petroineos,2026-06-05 00:53:47.997315,3206.0
2025-01-08,France,Blenod-5,Gas,petroineos,2026-06-05 00:53:47.997315,3088.0
2025-01-09,France,Blenod-5,Gas,petroineos,2026-06-05 00:53:47.997315,4882.0
2025-01-10,France,Blenod-5,Gas,petroineos,2026-06-05 00:53:47.997315,6281.0
2025-01-11,France,Blenod-5,Gas,petroineos,2026-06-05 00:53:47.997315,4357.0
2025-01-12,France,Blenod-5,Gas,petroineos,2026-06-05 00:53:47.997315,4023.0
2025-01-13,France,Blenod-5,Gas,petroineos,2026-06-05 00:53:47.997315,5372.0
2025-01-14,France,Blenod-5,Gas,petroineos,2026-06-05 00:53:47.997315,6409.0
2025-01-15,France,Blenod-5,Gas,petroineos,2026-06-05 00:53:47.997315,3701.0
2025-01-16,France,Blenod-5,Gas,petroineos,2026-06-05 00:53:47.997315,5756.0
2025-01-17,France,Blenod-5,Gas,petroineos,2026-06-05 00:53:47.997315,6774.0
2025-01-18,France,Blenod-5,Gas,petroineos,2026-06-05 00:53:47.997315,6713.0
2025-01-19,France,Blenod-5,Gas,petroineos,2026-06-05 00:53:47.997315,6050.0
2025-01-20,France,Blenod-5,Gas,petroineos,2026-06-05 00:53:47.997315,5498.0
2025-01-21,France,Blenod-5,Gas,petroineos,2026-06-05 00:53:47.997315,5888.0
2025-01-22,France,Blenod-5,Gas,petroineos,2026-06-05 00:53:47.997315,6902.0
2025-01-23,France,Blenod-5,Gas,petroineos,2026-06-05 00:53:47.997315,6104.0
2025-01-24,France,Blenod-5,Gas,petroineos,2026-06-05 00:53:47.997315,3631.0
2025-01-25,France,Blenod-5,Gas,petroineos,2026-06-05 00:53:47.997315,4228.0
2025-01-26,France,Blenod-5,Gas,petroineos,2026-06-05 00:53:47.997315,6464.0
2025-01-27,France,Blenod-5,Gas,petroineos,2026-06-05 00:53:47.997315,6249.0
2025-01-28,France,Blenod-5,Gas,petroineos,2026-06-05 00:53:47.997315,4463.0
2025-01-29,France,Blenod-5,Gas,petroineos,2026-06-05 00:53:47.997315,4220.0
2025-01-30,France,Blenod-5,Gas,petroineos,2026-06-05 00:53:47.997315,4356.0
2025-01-31,France,Blenod-5,Gas,petroineos,2026-06-05 00:53:47.997315,5584.0
2025-02-01,France,Blenod-5,Gas,petroineos,2026-06-05 00:53:47.997315,6475.0
2025-02-02,France,Blenod-5,Gas,petroineos,2026-06-05 00:53:47.997315,4111.0
2025-02-03,France,Blenod-5,Gas,petroineos,2026-06-05 00:53:47.997315,5647.0
2025-02-04,France,Blenod-5,Gas,petroineos,2026-06-05 00:53:47.997315,3170.0
2025-02-05,France,Blenod-5,Gas,petroineos,2026-06-05 00:53:47.997315,6379.0
2025-02-06,France,Blenod-5,Gas,petroineos,2026-06-05 00:53:47.997315,6360.0
2025-02-07,France,Blenod-5,Gas,petroineos,2026-06-05 00:53:47.997315,3174.0
2025-02-08,France,Blenod-5,Gas,petroineos,2026-06-05 00:53:47.997315,4236.0
2025-02-09,France,Blenod-5,Gas,petroineos,2026-06-05 00:53:47.997315,6501.0
2025-02-10,France,Blenod-5,Gas,petroineos,2026-06-05 00:53:47.997315,3470.0
2025-02-11,France,Blenod-5,Gas,petroineos,2026-06-05 00:53:47.997315,5924.0
2025-02-12,France,Blenod-5,Gas,petroineos,2026-06-05 00:53:47.997315,3699.0
2025-02-13,France,Blenod-5,Gas,petroineos,2026-06-05 00:53:47.997315,6305.0
2025-02-14,France,Blenod-5,Gas,petroineos,2026-06-05 00:53:47.997315,3320.0
2025-02-15,France,Blenod-5,Gas,petroineos,2026-06-05 00:53:47.997315,6233.0
2025-02-16,France,Blenod-5,Gas,petroineos,2026-06-05 00:53:47.997315,3265.0
2025-02-17,France,Blenod-5,Gas,petroineos,2026-06-05 00:53:47.997315,6604.0
2025-02-18,France,Blenod-5,Gas,petroineos,2026-06-05 00:53:47.997315,5698.0
2025-02-19,France,Blenod-5,Gas,petroineos,2026-06-05 00:53:47.997315,3785.0
2025-02-20,France,Blenod-5,Gas,petroineos,2026-06-05 00:53:47.997315,6450.0
2025-02-21,France,Blenod-5,Gas,petroineos,2026-06-05 00:53:47.997315,5435.0
2025-02-22,France,Blenod-5,Gas,petroineos,2026-06-05 00:53:47.997315,6659.0
2025-02-23,France,Blenod-5,Gas,petroineos,2026-06-05 00:53:47.997315,3365.0
2025-02-24,France,Blenod-5,Gas,petroineos,2026-06-05 00:53:47.997315,5217.0
2025-02-25,France,Blenod-5,Gas,petroineos,2026-06-05 00:53:47.997315,4075.0
2025-02-26,France,Blenod-5,Gas,petroineos,2026-06-05 00:53:47.997315,4171.0
2025-02-27,France,Blenod-5,Gas,petroineos,2026-06-05 00:53:47.997315,3434.0
2025-02-28,France,Blenod-5,Gas,petroineos,2026-06-05 00:53:47.997315,3728.0
2025-03-01,France,Blenod-5,Gas,petroineos,2026-06-05 00:53:47.997315,3406.0
2025-03-02,France,Blenod-5,Gas,petroineos,2026-06-05 00:53:47.997315,4188.0
2025-03-03,France,Blenod-5,Gas,petroineos,2026-06-05 00:53:47.997315,5829.0
2025-03-04,France,Blenod-5,Gas,petroineos,2026-06-05 00:53:47.997315,5385.0
2025-03-05,France,Blenod-5,Gas,petroineos,2026-06-05 00:53:47.997315,3274.0
2025-03-06,France,Blenod-5,Gas,petroineos,2026-06-05 00:53:47.997315,5141.0
2025-03-07,France,Blenod-5,Gas,petroineos,2026-06-05 00:53:47.997315,5811.0
2025-03-08,France,Blenod-5,Gas,petroineos,2026-06-05 00:53:47.997315,4294.0
2025-03-09,France,Blenod-5,Gas,petroineos,2026-06-05 00:53:47.997315,3367.0
2025-03-10,France,Blenod-5,Gas,petroineos,2026-06-05 00:53:47.997315,6754.0
2025-03-11,France,Blenod-5,Gas,petroineos,2026-06-05 00:53:47.997315,5317.0
2025-03-12,France,Blenod-5,Gas,petroineos,2026-06-05 00:53:47.997315,3816.0
2025-03-13,France,Blenod-5,Gas,petroineos,2026-06-05 00:53:47.997315,5000.0
2025-03-14,France,Blenod-5,Gas,petroineos,2026-06-05 00:53:47.997315,6910.0
2025-03-15,France,Blenod-5,Gas,petroineos,2026-06-05 00:53:47.997315,5733.0
2025-03-16,France,Blenod-5,Gas,petroineos,2026-06-05 00:53:47.997315,4588.0
2025-03-17,France,Blenod-5,Gas,petroineos,2026-06-05 00:53:47.997315,5673.0
2025-03-18,France,Blenod-5,Gas,petroineos,2026-06-05 00:53:47.997315,6543.0
2025-03-19,France,Blenod-5,Gas,petroineos,2026-06-05 00:53:47.997315,5863.0
2025-03-20,France,Blenod-5,Gas,petroineos,2026-06-05 00:53:47.997315,5260.0
2025-03-21,France,Blenod-5,Gas,petroineos,2026-06-05 00:53:47.997315,5638.0
2025-03-22,France,Blenod-5,Gas,petroineos,2026-06-05 00:53:47.997315,3375.0
2025-03-23,France,Blenod-5,Gas,petroineos,2026-06-05 00:53:47.997315,4295.0
2025-03-24,France,Blenod-5,Gas,petroineos,2026-06-05 00:53:47.997315,3327.0
2025-03-25,France,Blenod-5,Gas,petroineos,2026-06-05 00:53:47.997315,6691.0
2025-03-26,France,Blenod-5,Gas,petroineos,2026-06-05 00:53:47.997315,6130.0
2025-03-27,France,Blenod-5,Gas,petroineos,2026-06-05 00:53:47.997315,3246.0
2025-03-28,France,Blenod-5,Gas,petroineos,2026-06-05 00:53:47.997315,3859.0
2025-03-29,France,Blenod-5,Gas,petroineos,2026-06-05 00:53:47.997315,5135.0
2025-03-30,France,Blenod-5,Gas,petroineos,2026-06-05 00:53:47.997315,4102.0
2025-03-31,France,Blenod-5,Gas,petroineos,2026-06-05 00:53:47.997315,6225.0
2025-04-01,France,Blenod-5,Gas,petroineos,2026-06-05 00:53:47.997315,3921.0
2025-04-02,France,Blenod-5,Gas,petroineos,2026-06-05 00:53:47.997315,4094.0
2025-04-03,France,Blenod-5,Gas,petroineos,2026-06-05 00:53:47.997315,3362.0
2025-04-04,France,Blenod-5,Gas,petroineos,2026-06-05 00:53:47.997315,5684.0
2025-04-05,France,Blenod-5,Gas,petroineos,2026-06-05 00:53:47.997315,4224.0
2025-04-06,France,Blenod-5,Gas,petroineos,2026-06-05 00:53:47.997315,3433.0
2025-04-07,France,Blenod-5,Gas,petroineos,2026-06-05 00:53:47.997315,6260.0
2025-04-08,France,Blenod-5,Gas,petroineos,2026-06-05 00:53:47.997315,3231.0
2025-04-09,France,Blenod-5,Gas,petroineos,2026-06-05 00:53:47.997315,6362.0
2025-04-10,France,Blenod-5,Gas,petroineos,2026-06-05 00:53:47.997315,5917.0
2025-04-11,France,Blenod-5,Gas,petroineos,2026-06-05 00:53:47.997315,3156.0
2025-04-12,France,Blenod-5,Gas,petroineos,2026-06-05 00:53:47.997315,3804.0
2025-04-13,France,Blenod-5,Gas,petroineos,2026-06-05 00:53:47.997315,6924.0
2025-04-14,France,Blenod-5,Gas,petroineos,2026-06-05 00:53:47.997315,6785.0
2025-04-15,France,Blenod-5,Gas,petroineos,2026-06-05 00:53:47.997315,6383.0
2025-04-16,France,Blenod-5,Gas,petroineos,2026-06-05 00:53:47.997315,3488.0
2025-04-17,France,Blenod-5,Gas,petroineos,2026-06-05 00:53:47.997315,5869.0
2025-04-18,France,Blenod-5,Gas,petroineos,2026-06-05 00:53:47.997315,4228.0
2025-04-19,France,Blenod-5,Gas,petroineos,2026-06-05 00:53:47.997315,4995.0
2025-04-20,France,Blenod-5,Gas,petroineos,2026-06-05 00:53:47.997315,5454.0
2025-04-21,France,Blenod-5,Gas,petroineos,2026-06-05 00:53:47.997315,3839.0
2025-04-22,France,Blenod-5,Gas,petroineos,2026-06-05 00:53:47.997315,4461.0
2025-04-23,France,Blenod-5,Gas,petroineos,2026-06-05 00:53:47.997315,4075.0
2025-04-24,France,Blenod-5,Gas,petroineos,2026-06-05 00:53:47.997315,6821.0
2025-04-25,France,Blenod-5,Gas,petroineos,2026-06-05 00:53:47.997315,6035.0
2024-01-01 00:00:00,Great Britain,Pembroke-1,Gas,petroineos,2026-06-05 00:53:48.007966,6570.0
2024-01-02 00:00:00,Great Britain,Pembroke-1,Gas,petroineos,2026-06-05 00:53:48.007966,8068.0
2024-01-03 00:00:00,Great Britain,Pembroke-1,Gas,petroineos,2026-06-05 00:53:48.007966,7225.0
2024-01-04 00:00:00,Great Britain,Pembroke-1,Gas,petroineos,2026-06-05 00:53:48.007966,5390.0
2024-01-05 00:00:00,Great Britain,Pembroke-1,Gas,petroineos,2026-06-05 00:53:48.007966,6720.0
2024-01-06 00:00:00,Great Britain,Pembroke-1,Gas,petroineos,2026-06-05 00:53:48.007966,7354.0
2024-01-07 00:00:00,Great Britain,Pembroke-1,Gas,petroineos,2026-06-05 00:53:48.007966,6613.0
2024-01-08 00:00:00,Great Britain,Pembroke-1,Gas,petroineos,2026-06-05 00:53:48.007966,8739.0
2024-01-09 00:00:00,Great Britain,Pembroke-1,Gas,petroineos,2026-06-05 00:53:48.007966,7078.0
2024-01-10 00:00:00,Great Britain,Pembroke-1,Gas,petroineos,2026-06-05 00:53:48.007966,6384.0
2024-01-11 00:00:00,Great Britain,Pembroke-1,Gas,petroineos,2026-06-05 00:53:48.007966,7589.0
2024-01-12 00:00:00,Great Britain,Pembroke-1,Gas,petroineos,2026-06-05 00:53:48.007966,5647.0
2024-01-13 00:00:00,Great Britain,Pembroke-1,Gas,petroineos,2026-06-05 00:53:48.007966,7192.0
2024-01-14 00:00:00,Great Britain,Pembroke-1,Gas,petroineos,2026-06-05 00:53:48.007966,6325.0
2024-01-15 00:00:00,Great Britain,Pembroke-1,Gas,petroineos,2026-06-05 00:53:48.007966,8609.0
2024-01-16 00:00:00,Great Britain,Pembroke-1,Gas,petroineos,2026-06-05 00:53:48.007966,5487.0
2024-01-17 00:00:00,Great Britain,Pembroke-1,Gas,petroineos,2026-06-05 00:53:48.007966,6444.0
2024-01-18 00:00:00,Great Britain,Pembroke-1,Gas,petroineos,2026-06-05 00:53:48.007966,6492.0
2024-01-19 00:00:00,Great Britain,Pembroke-1,Gas,petroineos,2026-06-05 00:53:48.007966,7944.0
2024-01-20 00:00:00,Great Britain,Pembroke-1,Gas,petroineos,2026-06-05 00:53:48.007966,7380.0
2024-01-21 00:00:00,Great Britain,Pembroke-1,Gas,petroineos,2026-06-05 00:53:48.007966,8905.0
2024-01-22 00:00:00,Great Britain,Pembroke-1,Gas,petroineos,2026-06-05 00:53:48.007966,7085.0
2024-01-23 00:00:00,Great Britain,Pembroke-1,Gas,petroineos,2026-06-05 00:53:48.007966,6458.0
2024-01-24 00:00:00,Great Britain,Pembroke-1,Gas,petroineos,2026-06-05 00:53:48.007966,6741.0
2024-01-25 00:00:00,Great Britain,Pembroke-1,Gas,petroineos,2026-06-05 00:53:48.007966,7837.0
2024-01-26 00:00:00,Great Britain,Pembroke-1,Gas,petroineos,2026-06-05 00:53:48.007966,7634.0
2024-01-27 00:00:00,Great Britain,Pembroke-1,Gas,petroineos,2026-06-05 00:53:48.007966,6196.0
2024-01-28 00:00:00,Great Britain,Pembroke-1,Gas,petroineos,2026-06-05 00:53:48.007966,7953.0
2024-01-29 00:00:00,Great Britain,Pembroke-1,Gas,petroineos,2026-06-05 00:53:48.007966,7546.0
2024-01-30 00:00:00,Great Britain,Pembroke-1,Gas,petroineos,2026-06-05 00:53:48.007966,6526.0
2024-01-31 00:00:00,Great Britain,Pembroke-1,Gas,petroineos,2026-06-05 00:53:48.007966,7749.0
2024-02-01 00:00:00,Great Britain,Pembroke-1,Gas,petroineos,2026-06-05 00:53:48.007966,8970.0
2024-02-02 00:00:00,Great Britain,Pembroke-1,Gas,petroineos,2026-06-05 00:53:48.007966,7160.0
2024-02-03 00:00:00,Great Britain,Pembroke-1,Gas,petroineos,2026-06-05 00:53:48.007966,7408.0
2024-02-04 00:00:00,Great Britain,Pembroke-1,Gas,petroineos,2026-06-05 00:53:48.007966,5288.0
2024-02-05 00:00:00,Great Britain,Pembroke-1,Gas,petroineos,2026-06-05 00:53:48.007966,5678.0
2024-02-06 00:00:00,Great Britain,Pembroke-1,Gas,petroineos,2026-06-05 00:53:48.007966,8720.0
2024-02-07 00:00:00,Great Britain,Pembroke-1,Gas,petroineos,2026-06-05 00:53:48.007966,5450.0
2024-02-08 00:00:00,Great Britain,Pembroke-1,Gas,petroineos,2026-06-05 00:53:48.007966,6566.0
2024-02-09 00:00:00,Great Britain,Pembroke-1,Gas,petroineos,2026-06-05 00:53:48.007966,8809.0
2024-02-10 00:00:00,Great Britain,Pembroke-1,Gas,petroineos,2026-06-05 00:53:48.007966,5222.0
2024-02-11 00:00:00,Great Britain,Pembroke-1,Gas,petroineos,2026-06-05 00:53:48.007966,6061.0
2024-02-12 00:00:00,Great Britain,Pembroke-1,Gas,petroineos,2026-06-05 00:53:48.007966,6313.0
2024-02-13 00:00:00,Great Britain,Pembroke-1,Gas,petroineos,2026-06-05 00:53:48.007966,5496.0
2024-02-14 00:00:00,Great Britain,Pembroke-1,Gas,petroineos,2026-06-05 00:53:48.007966,7916.0
2024-02-15 00:00:00,Great Britain,Pembroke-1,Gas,petroineos,2026-06-05 00:53:48.007966,8684.0
2024-02-16 00:00:00,Great Britain,Pembroke-1,Gas,petroineos,2026-06-05 00:53:48.007966,6598.0
2024-02-17 00:00:00,Great Britain,Pembroke-1,Gas,petroineos,2026-06-05 00:53:48.007966,6349.0
2024-02-18 00:00:00,Great Britain,Pembroke-1,Gas,petroineos,2026-06-05 00:53:48.007966,6017.0
2024-02-19 00:00:00,Great Britain,Pembroke-1,Gas,petroineos,2026-06-05 00:53:48.007966,7364.0
2024-02-20 00:00:00,Great Britain,Pembroke-1,Gas,petroineos,2026-06-05 00:53:48.007966,7785.0
2024-02-21 00:00:00,Great Britain,Pembroke-1,Gas,petroineos,2026-06-05 00:53:48.007966,7604.0
2024-02-22 00:00:00,Great Britain,Pembroke-1,Gas,petroineos,2026-06-05 00:53:48.007966,7541.0
2024-02-23 00:00:00,Great Britain,Pembroke-1,Gas,petroineos,2026-06-05 00:53:48.007966,6480.0
2024-02-24 00:00:00,Great Britain,Pembroke-1,Gas,petroineos,2026-06-05 00:53:48.007966,5901.0
2024-02-25 00:00:00,Great Britain,Pembroke-1,Gas,petroineos,2026-06-05 00:53:48.007966,6513.0
2024-02-26 00:00:00,Great Britain,Pembroke-1,Gas,petroineos,2026-06-05 00:53:48.007966,6131.0
2024-02-27 00:00:00,Great Britain,Pembroke-1,Gas,petroineos,2026-06-05 00:53:48.007966,5378.0
2024-02-28 00:00:00,Great Britain,Pembroke-1,Gas,petroineos,2026-06-05 00:53:48.007966,6386.0
2024-02-29 00:00:00,Great Britain,Pembroke-1,Gas,petroineos,2026-06-05 00:53:48.007966,5632.0
2024-03-01 00:00:00,Great Britain,Pembroke-1,Gas,petroineos,2026-06-05 00:53:48.007966,5594.0
2024-03-02 00:00:00,Great Britain,Pembroke-1,Gas,petroineos,2026-06-05 00:53:48.007966,8225.0
2024-03-03 00:00:00,Great Britain,Pembroke-1,Gas,petroineos,2026-06-05 00:53:48.007966,6186.0
2024-03-04 00:00:00,Great Britain,Pembroke-1,Gas,petroineos,2026-06-05 00:53:48.007966,7732.0
2024-03-05 00:00:00,Great Britain,Pembroke-1,Gas,petroineos,2026-06-05 00:53:48.007966,6960.0
2024-03-06 00:00:00,Great Britain,Pembroke-1,Gas,petroineos,2026-06-05 00:53:48.007966,7172.0
2024-03-07 00:00:00,Great Britain,Pembroke-1,Gas,petroineos,2026-06-05 00:53:48.007966,8431.0
2024-03-08 00:00:00,Great Britain,Pembroke-1,Gas,petroineos,2026-06-05 00:53:48.007966,7644.0
2024-03-09 00:00:00,Great Britain,Pembroke-1,Gas,petroineos,2026-06-05 00:53:48.007966,6848.0
2024-03-10 00:00:00,Great Britain,Pembroke-1,Gas,petroineos,2026-06-05 00:53:48.007966,8616.0
2024-03-11 00:00:00,Great Britain,Pembroke-1,Gas,petroineos,2026-06-05 00:53:48.007966,8010.0
2024-03-12 00:00:00,Great Britain,Pembroke-1,Gas,petroineos,2026-06-05 00:53:48.007966,8283.0
2024-03-13 00:00:00,Great Britain,Pembroke-1,Gas,petroineos,2026-06-05 00:53:48.007966,5484.0
2024-03-14 00:00:00,Great Britain,Pembroke-1,Gas,petroineos,2026-06-05 00:53:48.007966,8963.0
2024-03-15 00:00:00,Great Britain,Pembroke-1,Gas,petroineos,2026-06-05 00:53:48.007966,7435.0
2024-03-16 00:00:00,Great Britain,Pembroke-1,Gas,petroineos,2026-06-05 00:53:48.007966,5991.0
2024-03-17 00:00:00,Great Britain,Pembroke-1,Gas,petroineos,2026-06-05 00:53:48.007966,7505.0
2024-03-18 00:00:00,Great Britain,Pembroke-1,Gas,petroineos,2026-06-05 00:53:48.007966,5400.0
2024-03-19 00:00:00,Great Britain,Pembroke-1,Gas,petroineos,2026-06-05 00:53:48.007966,8635.0
2024-03-20 00:00:00,Great Britain,Pembroke-1,Gas,petroineos,2026-06-05 00:53:48.007966,5196.0
2024-03-21 00:00:00,Great Britain,Pembroke-1,Gas,petroineos,2026-06-05 00:53:48.007966,7012.0
2024-03-22 00:00:00,Great Britain,Pembroke-1,Gas,petroineos,2026-06-05 00:53:48.007966,7770.0
2024-03-23 00:00:00,Great Britain,Pembroke-1,Gas,petroineos,2026-06-05 00:53:48.007966,7913.0
2024-03-24 00:00:00,Great Britain,Pembroke-1,Gas,petroineos,2026-06-05 00:53:48.007966,8774.0
2024-03-25 00:00:00,Great Britain,Pembroke-1,Gas,petroineos,2026-06-05 00:53:48.007966,8877.0
2024-03-26 00:00:00,Great Britain,Pembroke-1,Gas,petroineos,2026-06-05 00:53:48.007966,8091.0
2024-03-27 00:00:00,Great Britain,Pembroke-1,Gas,petroineos,2026-06-05 00:53:48.007966,8867.0
2024-03-28 00:00:00,Great Britain,Pembroke-1,Gas,petroineos,2026-06-05 00:53:48.007966,7766.0
2024-03-29 00:00:00,Great Britain,Pembroke-1,Gas,petroineos,2026-06-05 00:53:48.007966,7477.0
2024-03-30 00:00:00,Great Britain,Pembroke-1,Gas,petroineos,2026-06-05 00:53:48.007966,7948.0
2024-03-31 00:00:00,Great Britain,Pembroke-1,Gas,petroineos,2026-06-05 00:53:48.007966,7674.0
2024-04-01 00:00:00,Great Britain,Pembroke-1,Gas,petroineos,2026-06-05 00:53:48.007966,6518.0
2024-04-02 00:00:00,Great Britain,Pembroke-1,Gas,petroineos,2026-06-05 00:53:48.007966,8438.0
2024-04-03 00:00:00,Great Britain,Pembroke-1,Gas,petroineos,2026-06-05 00:53:48.007966,5834.0
2024-04-04 00:00:00,Great Britain,Pembroke-1,Gas,petroineos,2026-06-05 00:53:48.007966,8941.0
2024-04-05 00:00:00,Great Britain,Pembroke-1,Gas,petroineos,2026-06-05 00:53:48.007966,5251.0
2024-04-06 00:00:00,Great Britain,Pembroke-1,Gas,petroineos,2026-06-05 00:53:48.007966,5569.0
2024-04-07 00:00:00,Great Britain,Pembroke-1,Gas,petroineos,2026-06-05 00:53:48.007966,6306.0
2024-04-08 00:00:00,Great Britain,Pembroke-1,Gas,petroineos,2026-06-05 00:53:48.007966,7823.0
2024-04-09 00:00:00,Great Britain,Pembroke-1,Gas,petroineos,2026-06-05 00:53:48.007966,8087.0
2024-04-10 00:00:00,Great Britain,Pembroke-1,Gas,petroineos,2026-06-05 00:53:48.007966,7432.0
2024-04-11 00:00:00,Great Britain,Pembroke-1,Gas,petroineos,2026-06-05 00:53:48.007966,8007.0
2024-04-12 00:00:00,Great Britain,Pembroke-1,Gas,petroineos,2026-06-05 00:53:48.007966,6593.0
2024-04-13 00:00:00,Great Britain,Pembroke-1,Gas,petroineos,2026-06-05 00:53:48.007966,6360.0
2024-04-14 00:00:00,Great Britain,Pembroke-1,Gas,petroineos,2026-06-05 00:53:48.007966,6917.0
2024-04-15 00:00:00,Great Britain,Pembroke-1,Gas,petroineos,2026-06-05 00:53:48.007966,5512.0
2024-04-16 00:00:00,Great Britain,Pembroke-1,Gas,petroineos,2026-06-05 00:53:48.007966,6284.0
2024-04-17 00:00:00,Great Britain,Pembroke-1,Gas,petroineos,2026-06-05 00:53:48.007966,7601.0
2024-04-18 00:00:00,Great Britain,Pembroke-1,Gas,petroineos,2026-06-05 00:53:48.007966,7599.0
2024-04-19 00:00:00,Great Britain,Pembroke-1,Gas,petroineos,2026-06-05 00:53:48.007966,8373.0
2024-04-20 00:00:00,Great Britain,Pembroke-1,Gas,petroineos,2026-06-05 00:53:48.007966,5338.0
2024-04-21 00:00:00,Great Britain,Pembroke-1,Gas,petroineos,2026-06-05 00:53:48.007966,6177.0
2024-04-22 00:00:00,Great Britain,Pembroke-1,Gas,petroineos,2026-06-05 00:53:48.007966,5487.0
2024-04-23 00:00:00,Great Britain,Pembroke-1,Gas,petroineos,2026-06-05 00:53:48.007966,7789.0
2024-04-24 00:00:00,Great Britain,Pembroke-1,Gas,petroineos,2026-06-05 00:53:48.007966,6023.0
2024-04-25 00:00:00,Great Britain,Pembroke-1,Gas,petroineos,2026-06-05 00:53:48.007966,6705.0
2024-04-26 00:00:00,Great Britain,Pembroke-1,Gas,petroineos,2026-06-05 00:53:48.007966,8501.0
2024-04-27 00:00:00,Great Britain,Pembroke-1,Gas,petroineos,2026-06-05 00:53:48.007966,8480.0
2024-04-28 00:00:00,Great Britain,Pembroke-1,Gas,petroineos,2026-06-05 00:53:48.007966,5926.0
2024-04-29 00:00:00,Great Britain,Pembroke-1,Gas,petroineos,2026-06-05 00:53:48.007966,6147.0
2024-04-30 00:00:00,Great Britain,Pembroke-1,Gas,petroineos,2026-06-05 00:53:48.007966,8379.0
2024-05-01 00:00:00,Great Britain,Pembroke-1,Gas,petroineos,2026-06-05 00:53:48.007966,8477.0
2024-05-02 00:00:00,Great Britain,Pembroke-1,Gas,petroineos,2026-06-05 00:53:48.007966,6446.0
2024-05-03 00:00:00,Great Britain,Pembroke-1,Gas,petroineos,2026-06-05 00:53:48.007966,7370.0
2024-05-04 00:00:00,Great Britain,Pembroke-1,Gas,petroineos,2026-06-05 00:53:48.007966,7031.0
2024-05-05 00:00:00,Great Britain,Pembroke-1,Gas,petroineos,2026-06-05 00:53:48.007966,6486.0
2024-05-06 00:00:00,Great Britain,Pembroke-1,Gas,petroineos,2026-06-05 00:53:48.007966,8598.0
2024-05-07 00:00:00,Great Britain,Pembroke-1,Gas,petroineos,2026-06-05 00:53:48.007966,6305.0
2024-05-08 00:00:00,Great Britain,Pembroke-1,Gas,petroineos,2026-06-05 00:53:48.007966,8930.0
2024-05-09 00:00:00,Great Britain,Pembroke-1,Gas,petroineos,2026-06-05 00:53:48.007966,8458.0
2024-05-10 00:00:00,Great Britain,Pembroke-1,Gas,petroineos,2026-06-05 00:53:48.007966,5932.0
2024-05-11 00:00:00,Great Britain,Pembroke-1,Gas,petroineos,2026-06-05 00:53:48.007966,8328.0
2024-05-12 00:00:00,Great Britain,Pembroke-1,Gas,petroineos,2026-06-05 00:53:48.007966,8052.0
2024-05-13 00:00:00,Great Britain,Pembroke-1,Gas,petroineos,2026-06-05 00:53:48.007966,7042.0
2024-05-14 00:00:00,Great Britain,Pembroke-1,Gas,petroineos,2026-06-05 00:53:48.007966,5434.0
2024-05-15 00:00:00,Great Britain,Pembroke-1,Gas,petroineos,2026-06-05 00:53:48.007966,8938.0
2024-05-16 00:00:00,Great Britain,Pembroke-1,Gas,petroineos,2026-06-05 00:53:48.007966,6840.0
2024-05-17 00:00:00,Great Britain,Pembroke-1,Gas,petroineos,2026-06-05 00:53:48.007966,8596.0
2024-05-18 00:00:00,Great Britain,Pembroke-1,Gas,petroineos,2026-06-05 00:53:48.007966,7423.0
2024-05-19 00:00:00,Great Britain,Pembroke-1,Gas,petroineos,2026-06-05 00:53:48.007966,5325.0
2024-05-20 00:00:00,Great Britain,Pembroke-1,Gas,petroineos,2026-06-05 00:53:48.007966,6976.0
2024-05-21 00:00:00,Great Britain,Pembroke-1,Gas,petroineos,2026-06-05 00:53:48.007966,6624.0
2024-05-22 00:00:00,Great Britain,Pembroke-1,Gas,petroineos,2026-06-05 00:53:48.007966,8449.0
2024-05-23 00:00:00,Great Britain,Pembroke-1,Gas,petroineos,2026-06-05 00:53:48.007966,8443.0
2024-05-24 00:00:00,Great Britain,Pembroke-1,Gas,petroineos,2026-06-05 00:53:48.007966,8923.0
2024-05-25 00:00:00,Great Britain,Pembroke-1,Gas,petroineos,2026-06-05 00:53:48.007966,5190.0
2024-05-26 00:00:00,Great Britain,Pembroke-1,Gas,petroineos,2026-06-05 00:53:48.007966,6828.0
2024-05-27 00:00:00,Great Britain,Pembroke-1,Gas,petroineos,2026-06-05 00:53:48.007966,5009.0
2024-05-28 00:00:00,Great Britain,Pembroke-1,Gas,petroineos,2026-06-05 00:53:48.007966,6198.0
2024-05-29 00:00:00,Great Britain,Pembroke-1,Gas,petroineos,2026-06-05 00:53:48.007966,6164.0
2024-05-30 00:00:00,Great Britain,Pembroke-1,Gas,petroineos,2026-06-05 00:53:48.007966,5903.0
2024-05-31 00:00:00,Great Britain,Pembroke-1,Gas,petroineos,2026-06-05 00:53:48.007966,8832.0
2024-06-01 00:00:00,Great Britain,Pembroke-1,Gas,petroineos,2026-06-05 00:53:48.007966,6658.0
2024-06-02 00:00:00,Great Britain,Pembroke-1,Gas,petroineos,2026-06-05 00:53:48.007966,5647.0
2024-06-03 00:00:00,Great Britain,Pembroke-1,Gas,petroineos,2026-06-05 00:53:48.007966,7920.0
2024-06-04 00:00:00,Great Britain,Pembroke-1,Gas,petroineos,2026-06-05 00:53:48.007966,5001.0
2024-06-05 00:00:00,Great Britain,Pembroke-1,Gas,petroineos,2026-06-05 00:53:48.007966,7923.0
2024-06-06 00:00:00,Great Britain,Pembroke-1,Gas,petroineos,2026-06-05 00:53:48.007966,6694.0
2024-06-07 00:00:00,Great Britain,Pembroke-1,Gas,petroineos,2026-06-05 00:53:48.007966,5789.0
2024-06-08 00:00:00,Great Britain,Pembroke-1,Gas,petroineos,2026-06-05 00:53:48.007966,5889.0
2024-06-09 00:00:00,Great Britain,Pembroke-1,Gas,petroineos,2026-06-05 00:53:48.007966,8394.0
2024-06-10 00:00:00,Great Britain,Pembroke-1,Gas,petroineos,2026-06-05 00:53:48.007966,5562.0
2024-06-11 00:00:00,Great Britain,Pembroke-1,Gas,petroineos,2026-06-05 00:53:48.007966,6293.0
2024-06-12 00:00:00,Great Britain,Pembroke-1,Gas,petroineos,2026-06-05 00:53:48.007966,7579.0
2024-06-13 00:00:00,Great Britain,Pembroke-1,Gas,petroineos,2026-06-05 00:53:48.007966,8433.0
2024-06-14 00:00:00,Great Britain,Pembroke-1,Gas,petroineos,2026-06-05 00:53:48.007966,8178.0
2024-06-15 00:00:00,Great Britain,Pembroke-1,Gas,petroineos,2026-06-05 00:53:48.007966,7694.0
2024-06-16 00:00:00,Great Britain,Pembroke-1,Gas,petroineos,2026-06-05 00:53:48.007966,8145.0
2024-06-17 00:00:00,Great Britain,Pembroke-1,Gas,petroineos,2026-06-05 00:53:48.007966,5609.0
2024-06-18 00:00:00,Great Britain,Pembroke-1,Gas,petroineos,2026-06-05 00:53:48.007966,5901.0
2024-06-19 00:00:00,Great Britain,Pembroke-1,Gas,petroineos,2026-06-05 00:53:48.007966,6455.0
2024-06-20 00:00:00,Great Britain,Pembroke-1,Gas,petroineos,2026-06-05 00:53:48.007966,6561.0
2024-06-21 00:00:00,Great Britain,Pembroke-1,Gas,petroineos,2026-06-05 00:53:48.007966,8658.0
2024-06-22 00:00:00,Great Britain,Pembroke-1,Gas,petroineos,2026-06-05 00:53:48.007966,8172.0
2024-06-23 00:00:00,Great Britain,Pembroke-1,Gas,petroineos,2026-06-05 00:53:48.007966,5989.0
2024-06-24 00:00:00,Great Britain,Pembroke-1,Gas,petroineos,2026-06-05 00:53:48.007966,8978.0
2024-06-25 00:00:00,Great Britain,Pembroke-1,Gas,petroineos,2026-06-05 00:53:48.007966,6570.0
2024-06-26 00:00:00,Great Britain,Pembroke-1,Gas,petroineos,2026-06-05 00:53:48.007966,5378.0
2024-06-27 00:00:00,Great Britain,Pembroke-1,Gas,petroineos,2026-06-05 00:53:48.007966,8285.0
2024-06-28 00:00:00,Great Britain,Pembroke-1,Gas,petroineos,2026-06-05 00:53:48.007966,8918.0
2024-06-29 00:00:00,Great Britain,Pembroke-1,Gas,petroineos,2026-06-05 00:53:48.007966,6547.0
2024-06-30 00:00:00,Great Britain,Pembroke-1,Gas,petroineos,2026-06-05 00:53:48.007966,6279.0
2024-07-01 00:00:00,Great Britain,Pembroke-1,Gas,petroineos,2026-06-05 00:53:48.007966,5163.0
2024-07-02 00:00:00,Great Britain,Pembroke-1,Gas,petroineos,2026-06-05 00:53:48.007966,8761.0
2024-07-03 00:00:00,Great Britain,Pembroke-1,Gas,petroineos,2026-06-05 00:53:48.007966,6317.0
2024-07-04 00:00:00,Great Britain,Pembroke-1,Gas,petroineos,2026-06-05 00:53:48.007966,7144.0
2024-07-05 00:00:00,Great Britain,Pembroke-1,Gas,petroineos,2026-06-05 00:53:48.007966,5077.0
2024-07-06 00:00:00,Great Britain,Pembroke-1,Gas,petroineos,2026-06-05 00:53:48.007966,8707.0
2024-07-07 00:00:00,Great Britain,Pembroke-1,Gas,petroineos,2026-06-05 00:53:48.007966,6534.0
2024-07-08 00:00:00,Great Britain,Pembroke-1,Gas,petroineos,2026-06-05 00:53:48.007966,7105.0
2024-07-09 00:00:00,Great Britain,Pembroke-1,Gas,petroineos,2026-06-05 00:53:48.007966,7843.0
2024-07-10 00:00:00,Great Britain,Pembroke-1,Gas,petroineos,2026-06-05 00:53:48.007966,8065.0
2024-07-11 00:00:00,Great Britain,Pembroke-1,Gas,petroineos,2026-06-05 00:53:48.007966,6701.0
2024-07-12 00:00:00,Great Britain,Pembroke-1,Gas,petroineos,2026-06-05 00:53:48.007966,7424.0
2024-07-13 00:00:00,Great Britain,Pembroke-1,Gas,petroineos,2026-06-05 00:53:48.007966,8103.0
2024-07-14 00:00:00,Great Britain,Pembroke-1,Gas,petroineos,2026-06-05 00:53:48.007966,6469.0
2024-07-15 00:00:00,Great Britain,Pembroke-1,Gas,petroineos,2026-06-05 00:53:48.007966,7559.0
2024-07-16 00:00:00,Great Britain,Pembroke-1,Gas,petroineos,2026-06-05 00:53:48.007966,6396.0
2024-07-17 00:00:00,Great Britain,Pembroke-1,Gas,petroineos,2026-06-05 00:53:48.007966,5726.0
2024-07-18 00:00:00,Great Britain,Pembroke-1,Gas,petroineos,2026-06-05 00:53:48.007966,8631.0
2024-07-19 00:00:00,Great Britain,Pembroke-1,Gas,petroineos,2026-06-05 00:53:48.007966,7971.0
2024-07-20 00:00:00,Great Britain,Pembroke-1,Gas,petroineos,2026-06-05 00:53:48.007966,7326.0
2024-07-21 00:00:00,Great Britain,Pembroke-1,Gas,petroineos,2026-06-05 00:53:48.007966,8983.0
2024-07-22 00:00:00,Great Britain,Pembroke-1,Gas,petroineos,2026-06-05 00:53:48.007966,5641.0
2024-07-23 00:00:00,Great Britain,Pembroke-1,Gas,petroineos,2026-06-05 00:53:48.007966,8186.0
2024-07-24 00:00:00,Great Britain,Pembroke-1,Gas,petroineos,2026-06-05 00:53:48.007966,5578.0
2024-07-25 00:00:00,Great Britain,Pembroke-1,Gas,petroineos,2026-06-05 00:53:48.007966,5851.0
2024-07-26 00:00:00,Great Britain,Pembroke-1,Gas,petroineos,2026-06-05 00:53:48.007966,5499.0
2024-07-27 00:00:00,Great Britain,Pembroke-1,Gas,petroineos,2026-06-05 00:53:48.007966,6024.0
2024-07-28 00:00:00,Great Britain,Pembroke-1,Gas,petroineos,2026-06-05 00:53:48.007966,7807.0
2024-07-29 00:00:00,Great Britain,Pembroke-1,Gas,petroineos,2026-06-05 00:53:48.007966,7484.0
2024-07-30 00:00:00,Great Britain,Pembroke-1,Gas,petroineos,2026-06-05 00:53:48.007966,6156.0
2024-07-31 00:00:00,Great Britain,Pembroke-1,Gas,petroineos,2026-06-05 00:53:48.007966,8399.0
2024-08-01 00:00:00,Great Britain,Pembroke-1,Gas,petroineos,2026-06-05 00:53:48.007966,5538.0
2024-08-02 00:00:00,Great Britain,Pembroke-1,Gas,petroineos,2026-06-05 00:53:48.007966,8536.0
2024-08-03 00:00:00,Great Britain,Pembroke-1,Gas,petroineos,2026-06-05 00:53:48.007966,6581.0
2024-08-04 00:00:00,Great Britain,Pembroke-1,Gas,petroineos,2026-06-05 00:53:48.007966,7210.0
2024-08-05 00:00:00,Great Britain,Pembroke-1,Gas,petroineos,2026-06-05 00:53:48.007966,6285.0
2024-08-06 00:00:00,Great Britain,Pembroke-1,Gas,petroineos,2026-06-05 00:53:48.007966,8977.0
2024-08-07 00:00:00,Great Britain,Pembroke-1,Gas,petroineos,2026-06-05 00:53:48.007966,8263.0
2024-08-08 00:00:00,Great Britain,Pembroke-1,Gas,petroineos,2026-06-05 00:53:48.007966,5801.0
2024-08-09 00:00:00,Great Britain,Pembroke-1,Gas,petroineos,2026-06-05 00:53:48.007966,8855.0
2024-08-10 00:00:00,Great Britain,Pembroke-1,Gas,petroineos,2026-06-05 00:53:48.007966,8086.0
2024-08-11 00:00:00,Great Britain,Pembroke-1,Gas,petroineos,2026-06-05 00:53:48.007966,8621.0
2024-08-12 00:00:00,Great Britain,Pembroke-1,Gas,petroineos,2026-06-05 00:53:48.007966,6934.0
2024-08-13 00:00:00,Great Britain,Pembroke-1,Gas,petroineos,2026-06-05 00:53:48.007966,7122.0
2024-08-14 00:00:00,Great Britain,Pembroke-1,Gas,petroineos,2026-06-05 00:53:48.007966,7033.0
2024-08-15 00:00:00,Great Britain,Pembroke-1,Gas,petroineos,2026-06-05 00:53:48.007966,7361.0
2024-08-16 00:00:00,Great Britain,Pembroke-1,Gas,petroineos,2026-06-05 00:53:48.007966,7041.0
2024-08-17 00:00:00,Great Britain,Pembroke-1,Gas,petroineos,2026-06-05 00:53:48.007966,5960.0
2024-08-18 00:00:00,Great Britain,Pembroke-1,Gas,petroineos,2026-06-05 00:53:48.007966,6735.0
2024-08-19 00:00:00,Great Britain,Pembroke-1,Gas,petroineos,2026-06-05 00:53:48.007966,5049.0
2024-08-20 00:00:00,Great Britain,Pembroke-1,Gas,petroineos,2026-06-05 00:53:48.007966,6353.0
2024-08-21 00:00:00,Great Britain,Pembroke-1,Gas,petroineos,2026-06-05 00:53:48.007966,8753.0
2024-08-22 00:00:00,Great Britain,Pembroke-1,Gas,petroineos,2026-06-05 00:53:48.007966,8457.0
2024-08-23 00:00:00,Great Britain,Pembroke-1,Gas,petroineos,2026-06-05 00:53:48.007966,6754.0
2024-08-24 00:00:00,Great Britain,Pembroke-1,Gas,petroineos,2026-06-05 00:53:48.007966,5647.0
2024-08-25 00:00:00,Great Britain,Pembroke-1,Gas,petroineos,2026-06-05 00:53:48.007966,7104.0
2024-08-26 00:00:00,Great Britain,Pembroke-1,Gas,petroineos,2026-06-05 00:53:48.007966,7674.0
2024-08-27 00:00:00,Great Britain,Pembroke-1,Gas,petroineos,2026-06-05 00:53:48.007966,8655.0
2024-08-28 00:00:00,Great Britain,Pembroke-1,Gas,petroineos,2026-06-05 00:53:48.007966,7440.0
2024-08-29 00:00:00,Great Britain,Pembroke-1,Gas,petroineos,2026-06-05 00:53:48.007966,7542.0
2024-08-30 00:00:00,Great Britain,Pembroke-1,Gas,petroineos,2026-06-05 00:53:48.007966,6948.0
2024-08-31 00:00:00,Great Britain,Pembroke-1,Gas,petroineos,2026-06-05 00:53:48.007966,5979.0
2024-09-01 00:00:00,Great Britain,Pembroke-1,Gas,petroineos,2026-06-05 00:53:48.007966,8697.0
2024-09-02 00:00:00,Great Britain,Pembroke-1,Gas,petroineos,2026-06-05 00:53:48.007966,7422.0
2024-09-03 00:00:00,Great Britain,Pembroke-1,Gas,petroineos,2026-06-05 00:53:48.007966,8791.0
2024-09-04 00:00:00,Great Britain,Pembroke-1,Gas,petroineos,2026-06-05 00:53:48.007966,8608.0
2024-09-05 00:00:00,Great Britain,Pembroke-1,Gas,petroineos,2026-06-05 00:53:48.007966,8520.0
2024-09-06 00:00:00,Great Britain,Pembroke-1,Gas,petroineos,2026-06-05 00:53:48.007966,7566.0
2024-09-07 00:00:00,Great Britain,Pembroke-1,Gas,petroineos,2026-06-05 00:53:48.007966,8665.0
2024-09-08 00:00:00,Great Britain,Pembroke-1,Gas,petroineos,2026-06-05 00:53:48.007966,7954.0
2024-09-09 00:00:00,Great Britain,Pembroke-1,Gas,petroineos,2026-06-05 00:53:48.007966,7304.0
2024-09-10 00:00:00,Great Britain,Pembroke-1,Gas,petroineos,2026-06-05 00:53:48.007966,6629.0
2024-09-11 00:00:00,Great Britain,Pembroke-1,Gas,petroineos,2026-06-05 00:53:48.007966,8737.0
2024-09-12 00:00:00,Great Britain,Pembroke-1,Gas,petroineos,2026-06-05 00:53:48.007966,6920.0
2024-09-13 00:00:00,Great Britain,Pembroke-1,Gas,petroineos,2026-06-05 00:53:48.007966,6201.0
2024-09-14 00:00:00,Great Britain,Pembroke-1,Gas,petroineos,2026-06-05 00:53:48.007966,7685.0
2024-09-15 00:00:00,Great Britain,Pembroke-1,Gas,petroineos,2026-06-05 00:53:48.007966,7994.0
2024-09-16 00:00:00,Great Britain,Pembroke-1,Gas,petroineos,2026-06-05 00:53:48.007966,8925.0
2024-09-17 00:00:00,Great Britain,Pembroke-1,Gas,petroineos,2026-06-05 00:53:48.007966,6364.0
2024-09-18 00:00:00,Great Britain,Pembroke-1,Gas,petroineos,2026-06-05 00:53:48.007966,7248.0
2024-09-19 00:00:00,Great Britain,Pembroke-1,Gas,petroineos,2026-06-05 00:53:48.007966,6343.0
2024-09-20 00:00:00,Great Britain,Pembroke-1,Gas,petroineos,2026-06-05 00:53:48.007966,7622.0
2024-09-21 00:00:00,Great Britain,Pembroke-1,Gas,petroineos,2026-06-05 00:53:48.007966,7319.0
2024-09-22 00:00:00,Great Britain,Pembroke-1,Gas,petroineos,2026-06-05 00:53:48.007966,5494.0
2024-09-23 00:00:00,Great Britain,Pembroke-1,Gas,petroineos,2026-06-05 00:53:48.007966,5149.0
2024-09-24 00:00:00,Great Britain,Pembroke-1,Gas,petroineos,2026-06-05 00:53:48.007966,6399.0
2024-09-25 00:00:00,Great Britain,Pembroke-1,Gas,petroineos,2026-06-05 00:53:48.007966,8919.0
2024-09-26 00:00:00,Great Britain,Pembroke-1,Gas,petroineos,2026-06-05 00:53:48.007966,5160.0
2024-09-27 00:00:00,Great Britain,Pembroke-1,Gas,petroineos,2026-06-05 00:53:48.007966,5356.0
2024-09-28 00:00:00,Great Britain,Pembroke-1,Gas,petroineos,2026-06-05 00:53:48.007966,8268.0
2024-09-29 00:00:00,Great Britain,Pembroke-1,Gas,petroineos,2026-06-05 00:53:48.007966,7642.0
2024-09-30 00:00:00,Great Britain,Pembroke-1,Gas,petroineos,2026-06-05 00:53:48.007966,7569.0
2024-10-01 00:00:00,Great Britain,Pembroke-1,Gas,petroineos,2026-06-05 00:53:48.007966,6849.0
2024-10-02 00:00:00,Great Britain,Pembroke-1,Gas,petroineos,2026-06-05 00:53:48.007966,7552.0
2024-10-03 00:00:00,Great Britain,Pembroke-1,Gas,petroineos,2026-06-05 00:53:48.007966,7351.0
2024-10-04 00:00:00,Great Britain,Pembroke-1,Gas,petroineos,2026-06-05 00:53:48.007966,7250.0
2024-10-05 00:00:00,Great Britain,Pembroke-1,Gas,petroineos,2026-06-05 00:53:48.007966,7385.0
2024-10-06 00:00:00,Great Britain,Pembroke-1,Gas,petroineos,2026-06-05 00:53:48.007966,6745.0
2024-10-07 00:00:00,Great Britain,Pembroke-1,Gas,petroineos,2026-06-05 00:53:48.007966,7786.0
2024-10-08 00:00:00,Great Britain,Pembroke-1,Gas,petroineos,2026-06-05 00:53:48.007966,7444.0
2024-10-09 00:00:00,Great Britain,Pembroke-1,Gas,petroineos,2026-06-05 00:53:48.007966,6534.0
2024-10-10 00:00:00,Great Britain,Pembroke-1,Gas,petroineos,2026-06-05 00:53:48.007966,8531.0
2024-10-11 00:00:00,Great Britain,Pembroke-1,Gas,petroineos,2026-06-05 00:53:48.007966,8215.0
2024-10-12 00:00:00,Great Britain,Pembroke-1,Gas,petroineos,2026-06-05 00:53:48.007966,5162.0
2024-10-13 00:00:00,Great Britain,Pembroke-1,Gas,petroineos,2026-06-05 00:53:48.007966,5796.0
2024-10-14 00:00:00,Great Britain,Pembroke-1,Gas,petroineos,2026-06-05 00:53:48.007966,6943.0
2024-10-15 00:00:00,Great Britain,Pembroke-1,Gas,petroineos,2026-06-05 00:53:48.007966,6346.0
2024-10-16 00:00:00,Great Britain,Pembroke-1,Gas,petroineos,2026-06-05 00:53:48.007966,7960.0
2024-10-17 00:00:00,Great Britain,Pembroke-1,Gas,petroineos,2026-06-05 00:53:48.007966,6739.0
2024-10-18 00:00:00,Great Britain,Pembroke-1,Gas,petroineos,2026-06-05 00:53:48.007966,7973.0
2024-10-19 00:00:00,Great Britain,Pembroke-1,Gas,petroineos,2026-06-05 00:53:48.007966,8369.0
2024-10-20 00:00:00,Great Britain,Pembroke-1,Gas,petroineos,2026-06-05 00:53:48.007966,6094.0
2024-10-21 00:00:00,Great Britain,Pembroke-1,Gas,petroineos,2026-06-05 00:53:48.007966,8200.0
2024-10-22 00:00:00,Great Britain,Pembroke-1,Gas,petroineos,2026-06-05 00:53:48.007966,7690.0
2024-10-23 00:00:00,Great Britain,Pembroke-1,Gas,petroineos,2026-06-05 00:53:48.007966,7051.0
2024-10-24 00:00:00,Great Britain,Pembroke-1,Gas,petroineos,2026-06-05 00:53:48.007966,5582.0
2024-10-25 00:00:00,Great Britain,Pembroke-1,Gas,petroineos,2026-06-05 00:53:48.007966,6665.0
2024-10-26 00:00:00,Great Britain,Pembroke-1,Gas,petroineos,2026-06-05 00:53:48.007966,5734.0
2024-10-27 00:00:00,Great Britain,Pembroke-1,Gas,petroineos,2026-06-05 00:53:48.007966,5388.0
2024-10-28 00:00:00,Great Britain,Pembroke-1,Gas,petroineos,2026-06-05 00:53:48.007966,8185.0
2024-10-29 00:00:00,Great Britain,Pembroke-1,Gas,petroineos,2026-06-05 00:53:48.007966,8038.0
2024-10-30 00:00:00,Great Britain,Pembroke-1,Gas,petroineos,2026-06-05 00:53:48.007966,8786.0
2024-10-31 00:00:00,Great Britain,Pembroke-1,Gas,petroineos,2026-06-05 00:53:48.007966,8923.0
2024-11-01 00:00:00,Great Britain,Pembroke-1,Gas,petroineos,2026-06-05 00:53:48.007966,8081.0
2024-11-02 00:00:00,Great Britain,Pembroke-1,Gas,petroineos,2026-06-05 00:53:48.007966,8130.0
2024-11-03 00:00:00,Great Britain,Pembroke-1,Gas,petroineos,2026-06-05 00:53:48.007966,7129.0
2024-11-04 00:00:00,Great Britain,Pembroke-1,Gas,petroineos,2026-06-05 00:53:48.007966,6571.0
2024-11-05 00:00:00,Great Britain,Pembroke-1,Gas,petroineos,2026-06-05 00:53:48.007966,5218.0
2024-11-06 00:00:00,Great Britain,Pembroke-1,Gas,petroineos,2026-06-05 00:53:48.007966,5188.0
2024-11-07 00:00:00,Great Britain,Pembroke-1,Gas,petroineos,2026-06-05 00:53:48.007966,7651.0
2024-11-08 00:00:00,Great Britain,Pembroke-1,Gas,petroineos,2026-06-05 00:53:48.007966,7049.0
2024-11-09 00:00:00,Great Britain,Pembroke-1,Gas,petroineos,2026-06-05 00:53:48.007966,6582.0
2024-11-10 00:00:00,Great Britain,Pembroke-1,Gas,petroineos,2026-06-05 00:53:48.007966,6177.0
2024-11-11 00:00:00,Great Britain,Pembroke-1,Gas,petroineos,2026-06-05 00:53:48.007966,8258.0
2024-11-12 00:00:00,Great Britain,Pembroke-1,Gas,petroineos,2026-06-05 00:53:48.007966,8007.0
2024-11-13 00:00:00,Great Britain,Pembroke-1,Gas,petroineos,2026-06-05 00:53:48.007966,8368.0
2024-11-14 00:00:00,Great Britain,Pembroke-1,Gas,petroineos,2026-06-05 00:53:48.007966,6756.0
2024-11-15 00:00:00,Great Britain,Pembroke-1,Gas,petroineos,2026-06-05 00:53:48.007966,6358.0
2024-11-16 00:00:00,Great Britain,Pembroke-1,Gas,petroineos,2026-06-05 00:53:48.007966,6160.0
2024-11-17 00:00:00,Great Britain,Pembroke-1,Gas,petroineos,2026-06-05 00:53:48.007966,6708.0
2024-11-18 00:00:00,Great Britain,Pembroke-1,Gas,petroineos,2026-06-05 00:53:48.007966,5357.0
2024-11-19 00:00:00,Great Britain,Pembroke-1,Gas,petroineos,2026-06-05 00:53:48.007966,5682.0
2024-11-20 00:00:00,Great Britain,Pembroke-1,Gas,petroineos,2026-06-05 00:53:48.007966,8975.0
2024-11-21 00:00:00,Great Britain,Pembroke-1,Gas,petroineos,2026-06-05 00:53:48.007966,6154.0
2024-11-22 00:00:00,Great Britain,Pembroke-1,Gas,petroineos,2026-06-05 00:53:48.007966,7773.0
2024-11-23 00:00:00,Great Britain,Pembroke-1,Gas,petroineos,2026-06-05 00:53:48.007966,7395.0
2024-11-24 00:00:00,Great Britain,Pembroke-1,Gas,petroineos,2026-06-05 00:53:48.007966,7722.0
2024-11-25 00:00:00,Great Britain,Pembroke-1,Gas,petroineos,2026-06-05 00:53:48.007966,6020.0
2024-11-26 00:00:00,Great Britain,Pembroke-1,Gas,petroineos,2026-06-05 00:53:48.007966,5695.0
2024-11-27 00:00:00,Great Britain,Pembroke-1,Gas,petroineos,2026-06-05 00:53:48.007966,8828.0
2024-11-28 00:00:00,Great Britain,Pembroke-1,Gas,petroineos,2026-06-05 00:53:48.007966,6829.0
2024-11-29 00:00:00,Great Britain,Pembroke-1,Gas,petroineos,2026-06-05 00:53:48.007966,5053.0
2024-11-30 00:00:00,Great Britain,Pembroke-1,Gas,petroineos,2026-06-05 00:53:48.007966,5275.0
2024-12-01 00:00:00,Great Britain,Pembroke-1,Gas,petroineos,2026-06-05 00:53:48.007966,8642.0
2024-12-02 00:00:00,Great Britain,Pembroke-1,Gas,petroineos,2026-06-05 00:53:48.007966,5057.0
2024-12-03 00:00:00,Great Britain,Pembroke-1,Gas,petroineos,2026-06-05 00:53:48.007966,6453.0
2024-12-04 00:00:00,Great Britain,Pembroke-1,Gas,petroineos,2026-06-05 00:53:48.007966,5851.0
2024-12-05 00:00:00,Great Britain,Pembroke-1,Gas,petroineos,2026-06-05 00:53:48.007966,8269.0
2024-12-06 00:00:00,Great Britain,Pembroke-1,Gas,petroineos,2026-06-05 00:53:48.007966,7339.0
2024-12-07 00:00:00,Great Britain,Pembroke-1,Gas,petroineos,2026-06-05 00:53:48.007966,6300.0
2024-12-08 00:00:00,Great Britain,Pembroke-1,Gas,petroineos,2026-06-05 00:53:48.007966,6569.0
2024-12-09 00:00:00,Great Britain,Pembroke-1,Gas,petroineos,2026-06-05 00:53:48.007966,5171.0
2024-12-10 00:00:00,Great Britain,Pembroke-1,Gas,petroineos,2026-06-05 00:53:48.007966,8798.0
2024-12-11 00:00:00,Great Britain,Pembroke-1,Gas,petroineos,2026-06-05 00:53:48.007966,8058.0
2024-12-12 00:00:00,Great Britain,Pembroke-1,Gas,petroineos,2026-06-05 00:53:48.007966,5026.0
2024-12-13 00:00:00,Great Britain,Pembroke-1,Gas,petroineos,2026-06-05 00:53:48.007966,8440.0
2024-12-14 00:00:00,Great Britain,Pembroke-1,Gas,petroineos,2026-06-05 00:53:48.007966,5077.0
2024-12-15 00:00:00,Great Britain,Pembroke-1,Gas,petroineos,2026-06-05 00:53:48.007966,8741.0
2024-12-16 00:00:00,Great Britain,Pembroke-1,Gas,petroineos,2026-06-05 00:53:48.007966,8417.0
2024-12-17 00:00:00,Great Britain,Pembroke-1,Gas,petroineos,2026-06-05 00:53:48.007966,7680.0
2024-12-18 00:00:00,Great Britain,Pembroke-1,Gas,petroineos,2026-06-05 00:53:48.007966,7878.0
2024-12-19 00:00:00,Great Britain,Pembroke-1,Gas,petroineos,2026-06-05 00:53:48.007966,8165.0
2024-12-20 00:00:00,Great Britain,Pembroke-1,Gas,petroineos,2026-06-05 00:53:48.007966,5365.0
2024-12-21 00:00:00,Great Britain,Pembroke-1,Gas,petroineos,2026-06-05 00:53:48.007966,7790.0
2024-12-22 00:00:00,Great Britain,Pembroke-1,Gas,petroineos,2026-06-05 00:53:48.007966,7886.0
2024-12-23 00:00:00,Great Britain,Pembroke-1,Gas,petroineos,2026-06-05 00:53:48.007966,8773.0
2024-12-24 00:00:00,Great Britain,Pembroke-1,Gas,petroineos,2026-06-05 00:53:48.007966,7839.0
2024-12-25 00:00:00,Great Britain,Pembroke-1,Gas,petroineos,2026-06-05 00:53:48.007966,7432.0
2024-12-26 00:00:00,Great Britain,Pembroke-1,Gas,petroineos,2026-06-05 00:53:48.007966,7507.0
2024-12-27 00:00:00,Great Britain,Pembroke-1,Gas,petroineos,2026-06-05 00:53:48.007966,7746.0
2024-12-28 00:00:00,Great Britain,Pembroke-1,Gas,petroineos,2026-06-05 00:53:48.007966,6327.0
2024-12-29 00:00:00,Great Britain,Pembroke-1,Gas,petroineos,2026-06-05 00:53:48.007966,5164.0
2024-12-30 00:00:00,Great Britain,Pembroke-1,Gas,petroineos,2026-06-05 00:53:48.007966,6439.0
2024-12-31 00:00:00,Great Britain,Pembroke-1,Gas,petroineos,2026-06-05 00:53:48.007966,7980.0
2025-01-01 00:00:00,Great Britain,Pembroke-1,Gas,petroineos,2026-06-05 00:53:48.007966,8643.0
2025-01-02 00:00:00,Great Britain,Pembroke-1,Gas,petroineos,2026-06-05 00:53:48.007966,7960.0
2025-01-03 00:00:00,Great Britain,Pembroke-1,Gas,petroineos,2026-06-05 00:53:48.007966,5151.0
2025-01-04 00:00:00,Great Britain,Pembroke-1,Gas,petroineos,2026-06-05 00:53:48.007966,7340.0
2025-01-05 00:00:00,Great Britain,Pembroke-1,Gas,petroineos,2026-06-05 00:53:48.007966,8688.0
2025-01-06 00:00:00,Great Britain,Pembroke-1,Gas,petroineos,2026-06-05 00:53:48.007966,7458.0
2025-01-07 00:00:00,Great Britain,Pembroke-1,Gas,petroineos,2026-06-05 00:53:48.007966,8964.0
2025-01-08 00:00:00,Great Britain,Pembroke-1,Gas,petroineos,2026-06-05 00:53:48.007966,7587.0
2025-01-09 00:00:00,Great Britain,Pembroke-1,Gas,petroineos,2026-06-05 00:53:48.007966,6524.0
2025-01-10 00:00:00,Great Britain,Pembroke-1,Gas,petroineos,2026-06-05 00:53:48.007966,6184.0
2025-01-11 00:00:00,Great Britain,Pembroke-1,Gas,petroineos,2026-06-05 00:53:48.007966,7709.0
2025-01-12 00:00:00,Great Britain,Pembroke-1,Gas,petroineos,2026-06-05 00:53:48.007966,6249.0
2025-01-13 00:00:00,Great Britain,Pembroke-1,Gas,petroineos,2026-06-05 00:53:48.007966,6265.0
2025-01-14 00:00:00,Great Britain,Pembroke-1,Gas,petroineos,2026-06-05 00:53:48.007966,7468.0
2025-01-15 00:00:00,Great Britain,Pembroke-1,Gas,petroineos,2026-06-05 00:53:48.007966,6368.0
2025-01-16 00:00:00,Great Britain,Pembroke-1,Gas,petroineos,2026-06-05 00:53:48.007966,6221.0
2025-01-17 00:00:00,Great Britain,Pembroke-1,Gas,petroineos,2026-06-05 00:53:48.007966,8737.0
2025-01-18 00:00:00,Great Britain,Pembroke-1,Gas,petroineos,2026-06-05 00:53:48.007966,5930.0
2025-01-19 00:00:00,Great Britain,Pembroke-1,Gas,petroineos,2026-06-05 00:53:48.007966,6723.0
2025-01-20 00:00:00,Great Britain,Pembroke-1,Gas,petroineos,2026-06-05 00:53:48.007966,7301.0
2025-01-21 00:00:00,Great Britain,Pembroke-1,Gas,petroineos,2026-06-05 00:53:48.007966,5155.0
2025-01-22 00:00:00,Great Britain,Pembroke-1,Gas,petroineos,2026-06-05 00:53:48.007966,6204.0
2025-01-23 00:00:00,Great Britain,Pembroke-1,Gas,petroineos,2026-06-05 00:53:48.007966,5461.0
2025-01-24 00:00:00,Great Britain,Pembroke-1,Gas,petroineos,2026-06-05 00:53:48.007966,7971.0
2025-01-25 00:00:00,Great Britain,Pembroke-1,Gas,petroineos,2026-06-05 00:53:48.007966,7522.0
2025-01-26 00:00:00,Great Britain,Pembroke-1,Gas,petroineos,2026-06-05 00:53:48.007966,6047.0
2025-01-27 00:00:00,Great Britain,Pembroke-1,Gas,petroineos,2026-06-05 00:53:48.007966,6000.0
2025-01-28 00:00:00,Great Britain,Pembroke-1,Gas,petroineos,2026-06-05 00:53:48.007966,6089.0
2025-01-29 00:00:00,Great Britain,Pembroke-1,Gas,petroineos,2026-06-05 00:53:48.007966,5803.0
2025-01-30 00:00:00,Great Britain,Pembroke-1,Gas,petroineos,2026-06-05 00:53:48.007966,7555.0
2025-01-31 00:00:00,Great Britain,Pembroke-1,Gas,petroineos,2026-06-05 00:53:48.007966,7344.0
2025-02-01 00:00:00,Great Britain,Pembroke-1,Gas,petroineos,2026-06-05 00:53:48.007966,7506.0
2025-02-02 00:00:00,Great Britain,Pembroke-1,Gas,petroineos,2026-06-05 00:53:48.007966,8269.0
2025-02-03 00:00:00,Great Britain,Pembroke-1,Gas,petroineos,2026-06-05 00:53:48.007966,6970.0
2025-02-04 00:00:00,Great Britain,Pembroke-1,Gas,petroineos,2026-06-05 00:53:48.007966,7815.0
2025-02-05 00:00:00,Great Britain,Pembroke-1,Gas,petroineos,2026-06-05 00:53:48.007966,6821.0
2025-02-06 00:00:00,Great Britain,Pembroke-1,Gas,petroineos,2026-06-05 00:53:48.007966,5107.0
2025-02-07 00:00:00,Great Britain,Pembroke-1,Gas,petroineos,2026-06-05 00:53:48.007966,7346.0
2025-02-08 00:00:00,Great Britain,Pembroke-1,Gas,petroineos,2026-06-05 00:53:48.007966,5281.0
2025-02-09 00:00:00,Great Britain,Pembroke-1,Gas,petroineos,2026-06-05 00:53:48.007966,5442.0
2025-02-10 00:00:00,Great Britain,Pembroke-1,Gas,petroineos,2026-06-05 00:53:48.007966,6855.0
2025-02-11 00:00:00,Great Britain,Pembroke-1,Gas,petroineos,2026-06-05 00:53:48.007966,5821.0
2025-02-12 00:00:00,Great Britain,Pembroke-1,Gas,petroineos,2026-06-05 00:53:48.007966,5652.0
2025-02-13 00:00:00,Great Britain,Pembroke-1,Gas,petroineos,2026-06-05 00:53:48.007966,7536.0
2025-02-14 00:00:00,Great Britain,Pembroke-1,Gas,petroineos,2026-06-05 00:53:48.007966,6803.0
2025-02-15 00:00:00,Great Britain,Pembroke-1,Gas,petroineos,2026-06-05 00:53:48.007966,8554.0
2025-02-16 00:00:00,Great Britain,Pembroke-1,Gas,petroineos,2026-06-05 00:53:48.007966,8711.0
2025-02-17 00:00:00,Great Britain,Pembroke-1,Gas,petroineos,2026-06-05 00:53:48.007966,5015.0
2025-02-18 00:00:00,Great Britain,Pembroke-1,Gas,petroineos,2026-06-05 00:53:48.007966,5574.0
2025-02-19 00:00:00,Great Britain,Pembroke-1,Gas,petroineos,2026-06-05 00:53:48.007966,6923.0
2025-02-20 00:00:00,Great Britain,Pembroke-1,Gas,petroineos,2026-06-05 00:53:48.007966,5116.0
2025-02-21 00:00:00,Great Britain,Pembroke-1,Gas,petroineos,2026-06-05 00:53:48.007966,5410.0
2025-02-22 00:00:00,Great Britain,Pembroke-1,Gas,petroineos,2026-06-05 00:53:48.007966,5837.0
2025-02-23 00:00:00,Great Britain,Pembroke-1,Gas,petroineos,2026-06-05 00:53:48.007966,8844.0
2025-02-24 00:00:00,Great Britain,Pembroke-1,Gas,petroineos,2026-06-05 00:53:48.007966,6685.0
2025-02-25 00:00:00,Great Britain,Pembroke-1,Gas,petroineos,2026-06-05 00:53:48.007966,6729.0
2025-02-26 00:00:00,Great Britain,Pembroke-1,Gas,petroineos,2026-06-05 00:53:48.007966,6968.0
2025-02-27 00:00:00,Great Britain,Pembroke-1,Gas,petroineos,2026-06-05 00:53:48.007966,8616.0
2025-02-28 00:00:00,Great Britain,Pembroke-1,Gas,petroineos,2026-06-05 00:53:48.007966,5241.0
2025-03-01 00:00:00,Great Britain,Pembroke-1,Gas,petroineos,2026-06-05 00:53:48.007966,6370.0
2025-03-02 00:00:00,Great Britain,Pembroke-1,Gas,petroineos,2026-06-05 00:53:48.007966,6989.0
2025-03-03 00:00:00,Great Britain,Pembroke-1,Gas,petroineos,2026-06-05 00:53:48.007966,6271.0
2025-03-04 00:00:00,Great Britain,Pembroke-1,Gas,petroineos,2026-06-05 00:53:48.007966,7909.0
2025-03-05 00:00:00,Great Britain,Pembroke-1,Gas,petroineos,2026-06-05 00:53:48.007966,5118.0
2025-03-06 00:00:00,Great Britain,Pembroke-1,Gas,petroineos,2026-06-05 00:53:48.007966,6422.0
2025-03-07 00:00:00,Great Britain,Pembroke-1,Gas,petroineos,2026-06-05 00:53:48.007966,5171.0
2025-03-08 00:00:00,Great Britain,Pembroke-1,Gas,petroineos,2026-06-05 00:53:48.007966,6735.0
2025-03-09 00:00:00,Great Britain,Pembroke-1,Gas,petroineos,2026-06-05 00:53:48.007966,7716.0
2025-03-10 00:00:00,Great Britain,Pembroke-1,Gas,petroineos,2026-06-05 00:53:48.007966,5958.0
2025-03-11 00:00:00,Great Britain,Pembroke-1,Gas,petroineos,2026-06-05 00:53:48.007966,5737.0
2025-03-12 00:00:00,Great Britain,Pembroke-1,Gas,petroineos,2026-06-05 00:53:48.007966,7492.0
2025-03-13 00:00:00,Great Britain,Pembroke-1,Gas,petroineos,2026-06-05 00:53:48.007966,8429.0
2025-03-14 00:00:00,Great Britain,Pembroke-1,Gas,petroineos,2026-06-05 00:53:48.007966,6858.0
2025-03-15 00:00:00,Great Britain,Pembroke-1,Gas,petroineos,2026-06-05 00:53:48.007966,7893.0
2025-03-16 00:00:00,Great Britain,Pembroke-1,Gas,petroineos,2026-06-05 00:53:48.007966,6382.0
2025-03-17 00:00:00,Great Britain,Pembroke-1,Gas,petroineos,2026-06-05 00:53:48.007966,6884.0
2025-03-18 00:00:00,Great Britain,Pembroke-1,Gas,petroineos,2026-06-05 00:53:48.007966,6109.0
2025-03-19 00:00:00,Great Britain,Pembroke-1,Gas,petroineos,2026-06-05 00:53:48.007966,6167.0
2025-03-20 00:00:00,Great Britain,Pembroke-1,Gas,petroineos,2026-06-05 00:53:48.007966,5438.0
2025-03-21 00:00:00,Great Britain,Pembroke-1,Gas,petroineos,2026-06-05 00:53:48.007966,5837.0
2025-03-22 00:00:00,Great Britain,Pembroke-1,Gas,petroineos,2026-06-05 00:53:48.007966,7761.0
2025-03-23 00:00:00,Great Britain,Pembroke-1,Gas,petroineos,2026-06-05 00:53:48.007966,8330.0
2025-03-24 00:00:00,Great Britain,Pembroke-1,Gas,petroineos,2026-06-05 00:53:48.007966,6122.0
2025-03-25 00:00:00,Great Britain,Pembroke-1,Gas,petroineos,2026-06-05 00:53:48.007966,5342.0
2025-03-26 00:00:00,Great Britain,Pembroke-1,Gas,petroineos,2026-06-05 00:53:48.007966,7105.0
2025-03-27 00:00:00,Great Britain,Pembroke-1,Gas,petroineos,2026-06-05 00:53:48.007966,6728.0
2025-03-28 00:00:00,Great Britain,Pembroke-1,Gas,petroineos,2026-06-05 00:53:48.007966,7470.0
2025-03-29 00:00:00,Great Britain,Pembroke-1,Gas,petroineos,2026-06-05 00:53:48.007966,8255.0
2025-03-30 00:00:00,Great Britain,Pembroke-1,Gas,petroineos,2026-06-05 00:53:48.007966,7431.0
2025-03-31 00:00:00,Great Britain,Pembroke-1,Gas,petroineos,2026-06-05 00:53:48.007966,8977.0
2025-04-01 00:00:00,Great Britain,Pembroke-1,Gas,petroineos,2026-06-05 00:53:48.007966,6454.0
2025-04-02 00:00:00,Great Britain,Pembroke-1,Gas,petroineos,2026-06-05 00:53:48.007966,7922.0
2025-04-03 00:00:00,Great Britain,Pembroke-1,Gas,petroineos,2026-06-05 00:53:48.007966,6553.0
2025-04-04 00:00:00,Great Britain,Pembroke-1,Gas,petroineos,2026-06-05 00:53:48.007966,7015.0
2025-04-05 00:00:00,Great Britain,Pembroke-1,Gas,petroineos,2026-06-05 00:53:48.007966,7006.0
2025-04-06 00:00:00,Great Britain,Pembroke-1,Gas,petroineos,2026-06-05 00:53:48.007966,7375.0
2025-04-07 00:00:00,Great Britain,Pembroke-1,Gas,petroineos,2026-06-05 00:53:48.007966,8292.0
2025-04-08 00:00:00,Great Britain,Pembroke-1,Gas,petroineos,2026-06-05 00:53:48.007966,8814.0
2025-04-09 00:00:00,Great Britain,Pembroke-1,Gas,petroineos,2026-06-05 00:53:48.007966,5966.0
2025-04-10 00:00:00,Great Britain,Pembroke-1,Gas,petroineos,2026-06-05 00:53:48.007966,7926.0
2025-04-11 00:00:00,Great Britain,Pembroke-1,Gas,petroineos,2026-06-05 00:53:48.007966,7361.0
2025-04-12 00:00:00,Great Britain,Pembroke-1,Gas,petroineos,2026-06-05 00:53:48.007966,7084.0
2025-04-13 00:00:00,Great Britain,Pembroke-1,Gas,petroineos,2026-06-05 00:53:48.007966,6598.0
2025-04-14 00:00:00,Great Britain,Pembroke-1,Gas,petroineos,2026-06-05 00:53:48.007966,5452.0
2025-04-15 00:00:00,Great Britain,Pembroke-1,Gas,petroineos,2026-06-05 00:53:48.007966,6468.0
2025-04-16 00:00:00,Great Britain,Pembroke-1,Gas,petroineos,2026-06-05 00:53:48.007966,6538.0
2025-04-17 00:00:00,Great Britain,Pembroke-1,Gas,petroineos,2026-06-05 00:53:48.007966,7729.0
2025-04-18 00:00:00,Great Britain,Pembroke-1,Gas,petroineos,2026-06-05 00:53:48.007966,8697.0
2025-04-19 00:00:00,Great Britain,Pembroke-1,Gas,petroineos,2026-06-05 00:53:48.007966,5555.0
2025-04-20 00:00:00,Great Britain,Pembroke-1,Gas,petroineos,2026-06-05 00:53:48.007966,6830.0
2025-04-21 00:00:00,Great Britain,Pembroke-1,Gas,petroineos,2026-06-05 00:53:48.007966,5893.0
2025-04-22 00:00:00,Great Britain,Pembroke-1,Gas,petroineos,2026-06-05 00:53:48.007966,5712.0
2025-04-23 00:00:00,Great Britain,Pembroke-1,Gas,petroineos,2026-06-05 00:53:48.007966,7731.0
2025-04-24 00:00:00,Great Britain,Pembroke-1,Gas,petroineos,2026-06-05 00:53:48.007966,8547.0
2025-04-25 00:00:00,Great Britain,Pembroke-1,Gas,petroineos,2026-06-05 00:53:48.007966,5779.0
2024-01-01 00:00:00,Great Britain,Pembroke-2,Gas,petroineos,2026-06-05 00:53:48.007966,8398.0
2024-01-02 00:00:00,Great Britain,Pembroke-2,Gas,petroineos,2026-06-05 00:53:48.007966,8941.0
2024-01-03 00:00:00,Great Britain,Pembroke-2,Gas,petroineos,2026-06-05 00:53:48.007966,8626.0
2024-01-04 00:00:00,Great Britain,Pembroke-2,Gas,petroineos,2026-06-05 00:53:48.007966,6347.0
2024-01-05 00:00:00,Great Britain,Pembroke-2,Gas,petroineos,2026-06-05 00:53:48.007966,5204.0
2024-01-06 00:00:00,Great Britain,Pembroke-2,Gas,petroineos,2026-06-05 00:53:48.007966,7311.0
2024-01-07 00:00:00,Great Britain,Pembroke-2,Gas,petroineos,2026-06-05 00:53:48.007966,8512.0
2024-01-08 00:00:00,Great Britain,Pembroke-2,Gas,petroineos,2026-06-05 00:53:48.007966,5353.0
2024-01-09 00:00:00,Great Britain,Pembroke-2,Gas,petroineos,2026-06-05 00:53:48.007966,8133.0
2024-01-10 00:00:00,Great Britain,Pembroke-2,Gas,petroineos,2026-06-05 00:53:48.007966,5684.0
2024-01-11 00:00:00,Great Britain,Pembroke-2,Gas,petroineos,2026-06-05 00:53:48.007966,7648.0
2024-01-12 00:00:00,Great Britain,Pembroke-2,Gas,petroineos,2026-06-05 00:53:48.007966,6145.0
2024-01-13 00:00:00,Great Britain,Pembroke-2,Gas,petroineos,2026-06-05 00:53:48.007966,8647.0
2024-01-14 00:00:00,Great Britain,Pembroke-2,Gas,petroineos,2026-06-05 00:53:48.007966,5970.0
2024-01-15 00:00:00,Great Britain,Pembroke-2,Gas,petroineos,2026-06-05 00:53:48.007966,7241.0
2024-01-16 00:00:00,Great Britain,Pembroke-2,Gas,petroineos,2026-06-05 00:53:48.007966,7668.0
2024-01-17 00:00:00,Great Britain,Pembroke-2,Gas,petroineos,2026-06-05 00:53:48.007966,8832.0
2024-01-18 00:00:00,Great Britain,Pembroke-2,Gas,petroineos,2026-06-05 00:53:48.007966,6995.0
2024-01-19 00:00:00,Great Britain,Pembroke-2,Gas,petroineos,2026-06-05 00:53:48.007966,5902.0
2024-01-20 00:00:00,Great Britain,Pembroke-2,Gas,petroineos,2026-06-05 00:53:48.007966,5189.0
2024-01-21 00:00:00,Great Britain,Pembroke-2,Gas,petroineos,2026-06-05 00:53:48.007966,7275.0
2024-01-22 00:00:00,Great Britain,Pembroke-2,Gas,petroineos,2026-06-05 00:53:48.007966,6120.0
2024-01-23 00:00:00,Great Britain,Pembroke-2,Gas,petroineos,2026-06-05 00:53:48.007966,8827.0
2024-01-24 00:00:00,Great Britain,Pembroke-2,Gas,petroineos,2026-06-05 00:53:48.007966,7415.0
2024-01-25 00:00:00,Great Britain,Pembroke-2,Gas,petroineos,2026-06-05 00:53:48.007966,8381.0
2024-01-26 00:00:00,Great Britain,Pembroke-2,Gas,petroineos,2026-06-05 00:53:48.007966,8033.0
2024-01-27 00:00:00,Great Britain,Pembroke-2,Gas,petroineos,2026-06-05 00:53:48.007966,5074.0
2024-01-28 00:00:00,Great Britain,Pembroke-2,Gas,petroineos,2026-06-05 00:53:48.007966,5886.0
2024-01-29 00:00:00,Great Britain,Pembroke-2,Gas,petroineos,2026-06-05 00:53:48.007966,8424.0
2024-01-30 00:00:00,Great Britain,Pembroke-2,Gas,petroineos,2026-06-05 00:53:48.007966,7735.0
2024-01-31 00:00:00,Great Britain,Pembroke-2,Gas,petroineos,2026-06-05 00:53:48.007966,7132.0
2024-02-01 00:00:00,Great Britain,Pembroke-2,Gas,petroineos,2026-06-05 00:53:48.007966,5181.0
2024-02-02 00:00:00,Great Britain,Pembroke-2,Gas,petroineos,2026-06-05 00:53:48.007966,8796.0
2024-02-03 00:00:00,Great Britain,Pembroke-2,Gas,petroineos,2026-06-05 00:53:48.007966,5932.0
2024-02-04 00:00:00,Great Britain,Pembroke-2,Gas,petroineos,2026-06-05 00:53:48.007966,5557.0
2024-02-05 00:00:00,Great Britain,Pembroke-2,Gas,petroineos,2026-06-05 00:53:48.007966,8944.0
2024-02-06 00:00:00,Great Britain,Pembroke-2,Gas,petroineos,2026-06-05 00:53:48.007966,6221.0
2024-02-07 00:00:00,Great Britain,Pembroke-2,Gas,petroineos,2026-06-05 00:53:48.007966,6259.0
2024-02-08 00:00:00,Great Britain,Pembroke-2,Gas,petroineos,2026-06-05 00:53:48.007966,8230.0
2024-02-09 00:00:00,Great Britain,Pembroke-2,Gas,petroineos,2026-06-05 00:53:48.007966,6748.0
2024-02-10 00:00:00,Great Britain,Pembroke-2,Gas,petroineos,2026-06-05 00:53:48.007966,5158.0
2024-02-11 00:00:00,Great Britain,Pembroke-2,Gas,petroineos,2026-06-05 00:53:48.007966,8955.0
2024-02-12 00:00:00,Great Britain,Pembroke-2,Gas,petroineos,2026-06-05 00:53:48.007966,6260.0
2024-02-13 00:00:00,Great Britain,Pembroke-2,Gas,petroineos,2026-06-05 00:53:48.007966,6224.0
2024-02-14 00:00:00,Great Britain,Pembroke-2,Gas,petroineos,2026-06-05 00:53:48.007966,7910.0
2024-02-15 00:00:00,Great Britain,Pembroke-2,Gas,petroineos,2026-06-05 00:53:48.007966,6826.0
2024-02-16 00:00:00,Great Britain,Pembroke-2,Gas,petroineos,2026-06-05 00:53:48.007966,7226.0
2024-02-17 00:00:00,Great Britain,Pembroke-2,Gas,petroineos,2026-06-05 00:53:48.007966,6831.0
2024-02-18 00:00:00,Great Britain,Pembroke-2,Gas,petroineos,2026-06-05 00:53:48.007966,8503.0
2024-02-19 00:00:00,Great Britain,Pembroke-2,Gas,petroineos,2026-06-05 00:53:48.007966,7601.0
2024-02-20 00:00:00,Great Britain,Pembroke-2,Gas,petroineos,2026-06-05 00:53:48.007966,5051.0
2024-02-21 00:00:00,Great Britain,Pembroke-2,Gas,petroineos,2026-06-05 00:53:48.007966,6212.0
2024-02-22 00:00:00,Great Britain,Pembroke-2,Gas,petroineos,2026-06-05 00:53:48.007966,7574.0
2024-02-23 00:00:00,Great Britain,Pembroke-2,Gas,petroineos,2026-06-05 00:53:48.007966,6654.0
2024-02-24 00:00:00,Great Britain,Pembroke-2,Gas,petroineos,2026-06-05 00:53:48.007966,7762.0
2024-02-25 00:00:00,Great Britain,Pembroke-2,Gas,petroineos,2026-06-05 00:53:48.007966,8014.0
2024-02-26 00:00:00,Great Britain,Pembroke-2,Gas,petroineos,2026-06-05 00:53:48.007966,6064.0
2024-02-27 00:00:00,Great Britain,Pembroke-2,Gas,petroineos,2026-06-05 00:53:48.007966,7187.0
2024-02-28 00:00:00,Great Britain,Pembroke-2,Gas,petroineos,2026-06-05 00:53:48.007966,5862.0
2024-02-29 00:00:00,Great Britain,Pembroke-2,Gas,petroineos,2026-06-05 00:53:48.007966,5736.0
2024-03-01 00:00:00,Great Britain,Pembroke-2,Gas,petroineos,2026-06-05 00:53:48.007966,5822.0
2024-03-02 00:00:00,Great Britain,Pembroke-2,Gas,petroineos,2026-06-05 00:53:48.007966,6175.0
2024-03-03 00:00:00,Great Britain,Pembroke-2,Gas,petroineos,2026-06-05 00:53:48.007966,7567.0
2024-03-04 00:00:00,Great Britain,Pembroke-2,Gas,petroineos,2026-06-05 00:53:48.007966,7928.0
2024-03-05 00:00:00,Great Britain,Pembroke-2,Gas,petroineos,2026-06-05 00:53:48.007966,5653.0
2024-03-06 00:00:00,Great Britain,Pembroke-2,Gas,petroineos,2026-06-05 00:53:48.007966,5353.0
2024-03-07 00:00:00,Great Britain,Pembroke-2,Gas,petroineos,2026-06-05 00:53:48.007966,5734.0
2024-03-08 00:00:00,Great Britain,Pembroke-2,Gas,petroineos,2026-06-05 00:53:48.007966,5499.0
2024-03-09 00:00:00,Great Britain,Pembroke-2,Gas,petroineos,2026-06-05 00:53:48.007966,6779.0
2024-03-10 00:00:00,Great Britain,Pembroke-2,Gas,petroineos,2026-06-05 00:53:48.007966,6759.0
2024-03-11 00:00:00,Great Britain,Pembroke-2,Gas,petroineos,2026-06-05 00:53:48.007966,6824.0
2024-03-12 00:00:00,Great Britain,Pembroke-2,Gas,petroineos,2026-06-05 00:53:48.007966,5660.0
2024-03-13 00:00:00,Great Britain,Pembroke-2,Gas,petroineos,2026-06-05 00:53:48.007966,8548.0
2024-03-14 00:00:00,Great Britain,Pembroke-2,Gas,petroineos,2026-06-05 00:53:48.007966,6870.0
2024-03-15 00:00:00,Great Britain,Pembroke-2,Gas,petroineos,2026-06-05 00:53:48.007966,5713.0
2024-03-16 00:00:00,Great Britain,Pembroke-2,Gas,petroineos,2026-06-05 00:53:48.007966,6170.0
2024-03-17 00:00:00,Great Britain,Pembroke-2,Gas,petroineos,2026-06-05 00:53:48.007966,5944.0
2024-03-18 00:00:00,Great Britain,Pembroke-2,Gas,petroineos,2026-06-05 00:53:48.007966,8681.0
2024-03-19 00:00:00,Great Britain,Pembroke-2,Gas,petroineos,2026-06-05 00:53:48.007966,6202.0
2024-03-20 00:00:00,Great Britain,Pembroke-2,Gas,petroineos,2026-06-05 00:53:48.007966,5125.0
2024-03-21 00:00:00,Great Britain,Pembroke-2,Gas,petroineos,2026-06-05 00:53:48.007966,6559.0
2024-03-22 00:00:00,Great Britain,Pembroke-2,Gas,petroineos,2026-06-05 00:53:48.007966,7398.0
2024-03-23 00:00:00,Great Britain,Pembroke-2,Gas,petroineos,2026-06-05 00:53:48.007966,5321.0
2024-03-24 00:00:00,Great Britain,Pembroke-2,Gas,petroineos,2026-06-05 00:53:48.007966,8206.0
2024-03-25 00:00:00,Great Britain,Pembroke-2,Gas,petroineos,2026-06-05 00:53:48.007966,7309.0
2024-03-26 00:00:00,Great Britain,Pembroke-2,Gas,petroineos,2026-06-05 00:53:48.007966,7171.0
2024-03-27 00:00:00,Great Britain,Pembroke-2,Gas,petroineos,2026-06-05 00:53:48.007966,5584.0
2024-03-28 00:00:00,Great Britain,Pembroke-2,Gas,petroineos,2026-06-05 00:53:48.007966,8685.0
2024-03-29 00:00:00,Great Britain,Pembroke-2,Gas,petroineos,2026-06-05 00:53:48.007966,8132.0
2024-03-30 00:00:00,Great Britain,Pembroke-2,Gas,petroineos,2026-06-05 00:53:48.007966,5094.0
2024-03-31 00:00:00,Great Britain,Pembroke-2,Gas,petroineos,2026-06-05 00:53:48.007966,6315.0
2024-04-01 00:00:00,Great Britain,Pembroke-2,Gas,petroineos,2026-06-05 00:53:48.007966,8241.0
2024-04-02 00:00:00,Great Britain,Pembroke-2,Gas,petroineos,2026-06-05 00:53:48.007966,8316.0
2024-04-03 00:00:00,Great Britain,Pembroke-2,Gas,petroineos,2026-06-05 00:53:48.007966,6629.0
2024-04-04 00:00:00,Great Britain,Pembroke-2,Gas,petroineos,2026-06-05 00:53:48.007966,7451.0
2024-04-05 00:00:00,Great Britain,Pembroke-2,Gas,petroineos,2026-06-05 00:53:48.007966,5531.0
2024-04-06 00:00:00,Great Britain,Pembroke-2,Gas,petroineos,2026-06-05 00:53:48.007966,8767.0
2024-04-07 00:00:00,Great Britain,Pembroke-2,Gas,petroineos,2026-06-05 00:53:48.007966,8785.0
2024-04-08 00:00:00,Great Britain,Pembroke-2,Gas,petroineos,2026-06-05 00:53:48.007966,6425.0
2024-04-09 00:00:00,Great Britain,Pembroke-2,Gas,petroineos,2026-06-05 00:53:48.007966,5167.0
2024-04-10 00:00:00,Great Britain,Pembroke-2,Gas,petroineos,2026-06-05 00:53:48.007966,6416.0
2024-04-11 00:00:00,Great Britain,Pembroke-2,Gas,petroineos,2026-06-05 00:53:48.007966,8653.0
2024-04-12 00:00:00,Great Britain,Pembroke-2,Gas,petroineos,2026-06-05 00:53:48.007966,7009.0
2024-04-13 00:00:00,Great Britain,Pembroke-2,Gas,petroineos,2026-06-05 00:53:48.007966,7429.0
2024-04-14 00:00:00,Great Britain,Pembroke-2,Gas,petroineos,2026-06-05 00:53:48.007966,7562.0
2024-04-15 00:00:00,Great Britain,Pembroke-2,Gas,petroineos,2026-06-05 00:53:48.007966,6854.0
2024-04-16 00:00:00,Great Britain,Pembroke-2,Gas,petroineos,2026-06-05 00:53:48.007966,8017.0
2024-04-17 00:00:00,Great Britain,Pembroke-2,Gas,petroineos,2026-06-05 00:53:48.007966,8053.0
2024-04-18 00:00:00,Great Britain,Pembroke-2,Gas,petroineos,2026-06-05 00:53:48.007966,6100.0
2024-04-19 00:00:00,Great Britain,Pembroke-2,Gas,petroineos,2026-06-05 00:53:48.007966,6211.0
2024-04-20 00:00:00,Great Britain,Pembroke-2,Gas,petroineos,2026-06-05 00:53:48.007966,8845.0
2024-04-21 00:00:00,Great Britain,Pembroke-2,Gas,petroineos,2026-06-05 00:53:48.007966,5462.0
2024-04-22 00:00:00,Great Britain,Pembroke-2,Gas,petroineos,2026-06-05 00:53:48.007966,7410.0
2024-04-23 00:00:00,Great Britain,Pembroke-2,Gas,petroineos,2026-06-05 00:53:48.007966,6026.0
2024-04-24 00:00:00,Great Britain,Pembroke-2,Gas,petroineos,2026-06-05 00:53:48.007966,8500.0
2024-04-25 00:00:00,Great Britain,Pembroke-2,Gas,petroineos,2026-06-05 00:53:48.007966,5491.0
2024-04-26 00:00:00,Great Britain,Pembroke-2,Gas,petroineos,2026-06-05 00:53:48.007966,6812.0
2024-04-27 00:00:00,Great Britain,Pembroke-2,Gas,petroineos,2026-06-05 00:53:48.007966,5396.0
2024-04-28 00:00:00,Great Britain,Pembroke-2,Gas,petroineos,2026-06-05 00:53:48.007966,6354.0
2024-04-29 00:00:00,Great Britain,Pembroke-2,Gas,petroineos,2026-06-05 00:53:48.007966,8131.0
2024-04-30 00:00:00,Great Britain,Pembroke-2,Gas,petroineos,2026-06-05 00:53:48.007966,8236.0
2024-05-01 00:00:00,Great Britain,Pembroke-2,Gas,petroineos,2026-06-05 00:53:48.007966,5358.0
2024-05-02 00:00:00,Great Britain,Pembroke-2,Gas,petroineos,2026-06-05 00:53:48.007966,7113.0
2024-05-03 00:00:00,Great Britain,Pembroke-2,Gas,petroineos,2026-06-05 00:53:48.007966,7513.0
2024-05-04 00:00:00,Great Britain,Pembroke-2,Gas,petroineos,2026-06-05 00:53:48.007966,5642.0
2024-05-05 00:00:00,Great Britain,Pembroke-2,Gas,petroineos,2026-06-05 00:53:48.007966,7097.0
2024-05-06 00:00:00,Great Britain,Pembroke-2,Gas,petroineos,2026-06-05 00:53:48.007966,6006.0
2024-05-07 00:00:00,Great Britain,Pembroke-2,Gas,petroineos,2026-06-05 00:53:48.007966,5457.0
2024-05-08 00:00:00,Great Britain,Pembroke-2,Gas,petroineos,2026-06-05 00:53:48.007966,8585.0
2024-05-09 00:00:00,Great Britain,Pembroke-2,Gas,petroineos,2026-06-05 00:53:48.007966,6101.0
2024-05-10 00:00:00,Great Britain,Pembroke-2,Gas,petroineos,2026-06-05 00:53:48.007966,6086.0
2024-05-11 00:00:00,Great Britain,Pembroke-2,Gas,petroineos,2026-06-05 00:53:48.007966,5630.0
2024-05-12 00:00:00,Great Britain,Pembroke-2,Gas,petroineos,2026-06-05 00:53:48.007966,6039.0
2024-05-13 00:00:00,Great Britain,Pembroke-2,Gas,petroineos,2026-06-05 00:53:48.007966,5960.0
2024-05-14 00:00:00,Great Britain,Pembroke-2,Gas,petroineos,2026-06-05 00:53:48.007966,5039.0
2024-05-15 00:00:00,Great Britain,Pembroke-2,Gas,petroineos,2026-06-05 00:53:48.007966,8755.0
2024-05-16 00:00:00,Great Britain,Pembroke-2,Gas,petroineos,2026-06-05 00:53:48.007966,8888.0
2024-05-17 00:00:00,Great Britain,Pembroke-2,Gas,petroineos,2026-06-05 00:53:48.007966,6380.0
2024-05-18 00:00:00,Great Britain,Pembroke-2,Gas,petroineos,2026-06-05 00:53:48.007966,5865.0
2024-05-19 00:00:00,Great Britain,Pembroke-2,Gas,petroineos,2026-06-05 00:53:48.007966,5514.0
2024-05-20 00:00:00,Great Britain,Pembroke-2,Gas,petroineos,2026-06-05 00:53:48.007966,7672.0
2024-05-21 00:00:00,Great Britain,Pembroke-2,Gas,petroineos,2026-06-05 00:53:48.007966,5538.0
2024-05-22 00:00:00,Great Britain,Pembroke-2,Gas,petroineos,2026-06-05 00:53:48.007966,8372.0
2024-05-23 00:00:00,Great Britain,Pembroke-2,Gas,petroineos,2026-06-05 00:53:48.007966,6752.0
2024-05-24 00:00:00,Great Britain,Pembroke-2,Gas,petroineos,2026-06-05 00:53:48.007966,7594.0
2024-05-25 00:00:00,Great Britain,Pembroke-2,Gas,petroineos,2026-06-05 00:53:48.007966,7396.0
2024-05-26 00:00:00,Great Britain,Pembroke-2,Gas,petroineos,2026-06-05 00:53:48.007966,8402.0
2024-05-27 00:00:00,Great Britain,Pembroke-2,Gas,petroineos,2026-06-05 00:53:48.007966,7054.0
2024-05-28 00:00:00,Great Britain,Pembroke-2,Gas,petroineos,2026-06-05 00:53:48.007966,5852.0
2024-05-29 00:00:00,Great Britain,Pembroke-2,Gas,petroineos,2026-06-05 00:53:48.007966,6684.0
2024-05-30 00:00:00,Great Britain,Pembroke-2,Gas,petroineos,2026-06-05 00:53:48.007966,7090.0
2024-05-31 00:00:00,Great Britain,Pembroke-2,Gas,petroineos,2026-06-05 00:53:48.007966,8120.0
2024-06-01 00:00:00,Great Britain,Pembroke-2,Gas,petroineos,2026-06-05 00:53:48.007966,7139.0
2024-06-02 00:00:00,Great Britain,Pembroke-2,Gas,petroineos,2026-06-05 00:53:48.007966,6603.0
2024-06-03 00:00:00,Great Britain,Pembroke-2,Gas,petroineos,2026-06-05 00:53:48.007966,8407.0
2024-06-04 00:00:00,Great Britain,Pembroke-2,Gas,petroineos,2026-06-05 00:53:48.007966,6902.0
2024-06-05 00:00:00,Great Britain,Pembroke-2,Gas,petroineos,2026-06-05 00:53:48.007966,7605.0
2024-06-06 00:00:00,Great Britain,Pembroke-2,Gas,petroineos,2026-06-05 00:53:48.007966,8099.0
2024-06-07 00:00:00,Great Britain,Pembroke-2,Gas,petroineos,2026-06-05 00:53:48.007966,5627.0
2024-06-08 00:00:00,Great Britain,Pembroke-2,Gas,petroineos,2026-06-05 00:53:48.007966,7794.0
2024-06-09 00:00:00,Great Britain,Pembroke-2,Gas,petroineos,2026-06-05 00:53:48.007966,7147.0
2024-06-10 00:00:00,Great Britain,Pembroke-2,Gas,petroineos,2026-06-05 00:53:48.007966,5617.0
2024-06-11 00:00:00,Great Britain,Pembroke-2,Gas,petroineos,2026-06-05 00:53:48.007966,6978.0
2024-06-12 00:00:00,Great Britain,Pembroke-2,Gas,petroineos,2026-06-05 00:53:48.007966,8636.0
2024-06-13 00:00:00,Great Britain,Pembroke-2,Gas,petroineos,2026-06-05 00:53:48.007966,7392.0
2024-06-14 00:00:00,Great Britain,Pembroke-2,Gas,petroineos,2026-06-05 00:53:48.007966,7586.0
2024-06-15 00:00:00,Great Britain,Pembroke-2,Gas,petroineos,2026-06-05 00:53:48.007966,5775.0
2024-06-16 00:00:00,Great Britain,Pembroke-2,Gas,petroineos,2026-06-05 00:53:48.007966,6753.0
2024-06-17 00:00:00,Great Britain,Pembroke-2,Gas,petroineos,2026-06-05 00:53:48.007966,8934.0
2024-06-18 00:00:00,Great Britain,Pembroke-2,Gas,petroineos,2026-06-05 00:53:48.007966,8293.0
2024-06-19 00:00:00,Great Britain,Pembroke-2,Gas,petroineos,2026-06-05 00:53:48.007966,8069.0
2024-06-20 00:00:00,Great Britain,Pembroke-2,Gas,petroineos,2026-06-05 00:53:48.007966,8728.0
2024-06-21 00:00:00,Great Britain,Pembroke-2,Gas,petroineos,2026-06-05 00:53:48.007966,5689.0
2024-06-22 00:00:00,Great Britain,Pembroke-2,Gas,petroineos,2026-06-05 00:53:48.007966,8274.0
2024-06-23 00:00:00,Great Britain,Pembroke-2,Gas,petroineos,2026-06-05 00:53:48.007966,8615.0
2024-06-24 00:00:00,Great Britain,Pembroke-2,Gas,petroineos,2026-06-05 00:53:48.007966,5746.0
2024-06-25 00:00:00,Great Britain,Pembroke-2,Gas,petroineos,2026-06-05 00:53:48.007966,8510.0
2024-06-26 00:00:00,Great Britain,Pembroke-2,Gas,petroineos,2026-06-05 00:53:48.007966,5247.0
2024-06-27 00:00:00,Great Britain,Pembroke-2,Gas,petroineos,2026-06-05 00:53:48.007966,8433.0
2024-06-28 00:00:00,Great Britain,Pembroke-2,Gas,petroineos,2026-06-05 00:53:48.007966,7104.0
2024-06-29 00:00:00,Great Britain,Pembroke-2,Gas,petroineos,2026-06-05 00:53:48.007966,8764.0
2024-06-30 00:00:00,Great Britain,Pembroke-2,Gas,petroineos,2026-06-05 00:53:48.007966,6602.0
2024-07-01 00:00:00,Great Britain,Pembroke-2,Gas,petroineos,2026-06-05 00:53:48.007966,5656.0
2024-07-02 00:00:00,Great Britain,Pembroke-2,Gas,petroineos,2026-06-05 00:53:48.007966,6736.0
2024-07-03 00:00:00,Great Britain,Pembroke-2,Gas,petroineos,2026-06-05 00:53:48.007966,8468.0
2024-07-04 00:00:00,Great Britain,Pembroke-2,Gas,petroineos,2026-06-05 00:53:48.007966,7899.0
2024-07-05 00:00:00,Great Britain,Pembroke-2,Gas,petroineos,2026-06-05 00:53:48.007966,5972.0
2024-07-06 00:00:00,Great Britain,Pembroke-2,Gas,petroineos,2026-06-05 00:53:48.007966,7711.0
2024-07-07 00:00:00,Great Britain,Pembroke-2,Gas,petroineos,2026-06-05 00:53:48.007966,5356.0
2024-07-08 00:00:00,Great Britain,Pembroke-2,Gas,petroineos,2026-06-05 00:53:48.007966,8882.0
2024-07-09 00:00:00,Great Britain,Pembroke-2,Gas,petroineos,2026-06-05 00:53:48.007966,7093.0
2024-07-10 00:00:00,Great Britain,Pembroke-2,Gas,petroineos,2026-06-05 00:53:48.007966,5114.0
2024-07-11 00:00:00,Great Britain,Pembroke-2,Gas,petroineos,2026-06-05 00:53:48.007966,5865.0
2024-07-12 00:00:00,Great Britain,Pembroke-2,Gas,petroineos,2026-06-05 00:53:48.007966,6127.0
2024-07-13 00:00:00,Great Britain,Pembroke-2,Gas,petroineos,2026-06-05 00:53:48.007966,6130.0
2024-07-14 00:00:00,Great Britain,Pembroke-2,Gas,petroineos,2026-06-05 00:53:48.007966,5017.0
2024-07-15 00:00:00,Great Britain,Pembroke-2,Gas,petroineos,2026-06-05 00:53:48.007966,8527.0
2024-07-16 00:00:00,Great Britain,Pembroke-2,Gas,petroineos,2026-06-05 00:53:48.007966,5983.0
2024-07-17 00:00:00,Great Britain,Pembroke-2,Gas,petroineos,2026-06-05 00:53:48.007966,7752.0
2024-07-18 00:00:00,Great Britain,Pembroke-2,Gas,petroineos,2026-06-05 00:53:48.007966,7977.0
2024-07-19 00:00:00,Great Britain,Pembroke-2,Gas,petroineos,2026-06-05 00:53:48.007966,6868.0
2024-07-20 00:00:00,Great Britain,Pembroke-2,Gas,petroineos,2026-06-05 00:53:48.007966,5921.0
2024-07-21 00:00:00,Great Britain,Pembroke-2,Gas,petroineos,2026-06-05 00:53:48.007966,6481.0
2024-07-22 00:00:00,Great Britain,Pembroke-2,Gas,petroineos,2026-06-05 00:53:48.007966,8981.0
2024-07-23 00:00:00,Great Britain,Pembroke-2,Gas,petroineos,2026-06-05 00:53:48.007966,6561.0
2024-07-24 00:00:00,Great Britain,Pembroke-2,Gas,petroineos,2026-06-05 00:53:48.007966,8075.0
2024-07-25 00:00:00,Great Britain,Pembroke-2,Gas,petroineos,2026-06-05 00:53:48.007966,7380.0
2024-07-26 00:00:00,Great Britain,Pembroke-2,Gas,petroineos,2026-06-05 00:53:48.007966,7326.0
2024-07-27 00:00:00,Great Britain,Pembroke-2,Gas,petroineos,2026-06-05 00:53:48.007966,8120.0
2024-07-28 00:00:00,Great Britain,Pembroke-2,Gas,petroineos,2026-06-05 00:53:48.007966,6925.0
2024-07-29 00:00:00,Great Britain,Pembroke-2,Gas,petroineos,2026-06-05 00:53:48.007966,8470.0
2024-07-30 00:00:00,Great Britain,Pembroke-2,Gas,petroineos,2026-06-05 00:53:48.007966,7733.0
2024-07-31 00:00:00,Great Britain,Pembroke-2,Gas,petroineos,2026-06-05 00:53:48.007966,7676.0
2024-08-01 00:00:00,Great Britain,Pembroke-2,Gas,petroineos,2026-06-05 00:53:48.007966,6576.0
2024-08-02 00:00:00,Great Britain,Pembroke-2,Gas,petroineos,2026-06-05 00:53:48.007966,5262.0
2024-08-03 00:00:00,Great Britain,Pembroke-2,Gas,petroineos,2026-06-05 00:53:48.007966,7900.0
2024-08-04 00:00:00,Great Britain,Pembroke-2,Gas,petroineos,2026-06-05 00:53:48.007966,7649.0
2024-08-05 00:00:00,Great Britain,Pembroke-2,Gas,petroineos,2026-06-05 00:53:48.007966,7444.0
2024-08-06 00:00:00,Great Britain,Pembroke-2,Gas,petroineos,2026-06-05 00:53:48.007966,8797.0
2024-08-07 00:00:00,Great Britain,Pembroke-2,Gas,petroineos,2026-06-05 00:53:48.007966,8978.0
2024-08-08 00:00:00,Great Britain,Pembroke-2,Gas,petroineos,2026-06-05 00:53:48.007966,7043.0
2024-08-09 00:00:00,Great Britain,Pembroke-2,Gas,petroineos,2026-06-05 00:53:48.007966,7808.0
2024-08-10 00:00:00,Great Britain,Pembroke-2,Gas,petroineos,2026-06-05 00:53:48.007966,8394.0
2024-08-11 00:00:00,Great Britain,Pembroke-2,Gas,petroineos,2026-06-05 00:53:48.007966,6151.0
2024-08-12 00:00:00,Great Britain,Pembroke-2,Gas,petroineos,2026-06-05 00:53:48.007966,8047.0
2024-08-13 00:00:00,Great Britain,Pembroke-2,Gas,petroineos,2026-06-05 00:53:48.007966,5983.0
2024-08-14 00:00:00,Great Britain,Pembroke-2,Gas,petroineos,2026-06-05 00:53:48.007966,6170.0
2024-08-15 00:00:00,Great Britain,Pembroke-2,Gas,petroineos,2026-06-05 00:53:48.007966,8122.0
2024-08-16 00:00:00,Great Britain,Pembroke-2,Gas,petroineos,2026-06-05 00:53:48.007966,6776.0
2024-08-17 00:00:00,Great Britain,Pembroke-2,Gas,petroineos,2026-06-05 00:53:48.007966,8068.0
2024-08-18 00:00:00,Great Britain,Pembroke-2,Gas,petroineos,2026-06-05 00:53:48.007966,6585.0
2024-08-19 00:00:00,Great Britain,Pembroke-2,Gas,petroineos,2026-06-05 00:53:48.007966,7563.0
2024-08-20 00:00:00,Great Britain,Pembroke-2,Gas,petroineos,2026-06-05 00:53:48.007966,8529.0
2024-08-21 00:00:00,Great Britain,Pembroke-2,Gas,petroineos,2026-06-05 00:53:48.007966,6350.0
2024-08-22 00:00:00,Great Britain,Pembroke-2,Gas,petroineos,2026-06-05 00:53:48.007966,8332.0
2024-08-23 00:00:00,Great Britain,Pembroke-2,Gas,petroineos,2026-06-05 00:53:48.007966,6405.0
2024-08-24 00:00:00,Great Britain,Pembroke-2,Gas,petroineos,2026-06-05 00:53:48.007966,8352.0
2024-08-25 00:00:00,Great Britain,Pembroke-2,Gas,petroineos,2026-06-05 00:53:48.007966,7813.0
2024-08-26 00:00:00,Great Britain,Pembroke-2,Gas,petroineos,2026-06-05 00:53:48.007966,7587.0
2024-08-27 00:00:00,Great Britain,Pembroke-2,Gas,petroineos,2026-06-05 00:53:48.007966,6017.0
2024-08-28 00:00:00,Great Britain,Pembroke-2,Gas,petroineos,2026-06-05 00:53:48.007966,8873.0
2024-08-29 00:00:00,Great Britain,Pembroke-2,Gas,petroineos,2026-06-05 00:53:48.007966,7567.0
2024-08-30 00:00:00,Great Britain,Pembroke-2,Gas,petroineos,2026-06-05 00:53:48.007966,7908.0
2024-08-31 00:00:00,Great Britain,Pembroke-2,Gas,petroineos,2026-06-05 00:53:48.007966,8063.0
2024-09-01 00:00:00,Great Britain,Pembroke-2,Gas,petroineos,2026-06-05 00:53:48.007966,8187.0
2024-09-02 00:00:00,Great Britain,Pembroke-2,Gas,petroineos,2026-06-05 00:53:48.007966,8515.0
2024-09-03 00:00:00,Great Britain,Pembroke-2,Gas,petroineos,2026-06-05 00:53:48.007966,5904.0
2024-09-04 00:00:00,Great Britain,Pembroke-2,Gas,petroineos,2026-06-05 00:53:48.007966,7530.0
2024-09-05 00:00:00,Great Britain,Pembroke-2,Gas,petroineos,2026-06-05 00:53:48.007966,6497.0
2024-09-06 00:00:00,Great Britain,Pembroke-2,Gas,petroineos,2026-06-05 00:53:48.007966,5749.0
2024-09-07 00:00:00,Great Britain,Pembroke-2,Gas,petroineos,2026-06-05 00:53:48.007966,6238.0
2024-09-08 00:00:00,Great Britain,Pembroke-2,Gas,petroineos,2026-06-05 00:53:48.007966,6361.0
2024-09-09 00:00:00,Great Britain,Pembroke-2,Gas,petroineos,2026-06-05 00:53:48.007966,7875.0
2024-09-10 00:00:00,Great Britain,Pembroke-2,Gas,petroineos,2026-06-05 00:53:48.007966,6504.0
2024-09-11 00:00:00,Great Britain,Pembroke-2,Gas,petroineos,2026-06-05 00:53:48.007966,8088.0
2024-09-12 00:00:00,Great Britain,Pembroke-2,Gas,petroineos,2026-06-05 00:53:48.007966,7514.0
2024-09-13 00:00:00,Great Britain,Pembroke-2,Gas,petroineos,2026-06-05 00:53:48.007966,5407.0
2024-09-14 00:00:00,Great Britain,Pembroke-2,Gas,petroineos,2026-06-05 00:53:48.007966,8931.0
2024-09-15 00:00:00,Great Britain,Pembroke-2,Gas,petroineos,2026-06-05 00:53:48.007966,5009.0
2024-09-16 00:00:00,Great Britain,Pembroke-2,Gas,petroineos,2026-06-05 00:53:48.007966,5356.0
2024-09-17 00:00:00,Great Britain,Pembroke-2,Gas,petroineos,2026-06-05 00:53:48.007966,6197.0
2024-09-18 00:00:00,Great Britain,Pembroke-2,Gas,petroineos,2026-06-05 00:53:48.007966,7295.0
2024-09-19 00:00:00,Great Britain,Pembroke-2,Gas,petroineos,2026-06-05 00:53:48.007966,5579.0
2024-09-20 00:00:00,Great Britain,Pembroke-2,Gas,petroineos,2026-06-05 00:53:48.007966,8681.0
2024-09-21 00:00:00,Great Britain,Pembroke-2,Gas,petroineos,2026-06-05 00:53:48.007966,5306.0
2024-09-22 00:00:00,Great Britain,Pembroke-2,Gas,petroineos,2026-06-05 00:53:48.007966,6427.0
2024-09-23 00:00:00,Great Britain,Pembroke-2,Gas,petroineos,2026-06-05 00:53:48.007966,5026.0
2024-09-24 00:00:00,Great Britain,Pembroke-2,Gas,petroineos,2026-06-05 00:53:48.007966,5358.0
2024-09-25 00:00:00,Great Britain,Pembroke-2,Gas,petroineos,2026-06-05 00:53:48.007966,5569.0
2024-09-26 00:00:00,Great Britain,Pembroke-2,Gas,petroineos,2026-06-05 00:53:48.007966,5271.0
2024-09-27 00:00:00,Great Britain,Pembroke-2,Gas,petroineos,2026-06-05 00:53:48.007966,6348.0
2024-09-28 00:00:00,Great Britain,Pembroke-2,Gas,petroineos,2026-06-05 00:53:48.007966,6520.0
2024-09-29 00:00:00,Great Britain,Pembroke-2,Gas,petroineos,2026-06-05 00:53:48.007966,6820.0
2024-09-30 00:00:00,Great Britain,Pembroke-2,Gas,petroineos,2026-06-05 00:53:48.007966,7828.0
2024-10-01 00:00:00,Great Britain,Pembroke-2,Gas,petroineos,2026-06-05 00:53:48.007966,7016.0
2024-10-02 00:00:00,Great Britain,Pembroke-2,Gas,petroineos,2026-06-05 00:53:48.007966,5324.0
2024-10-03 00:00:00,Great Britain,Pembroke-2,Gas,petroineos,2026-06-05 00:53:48.007966,7200.0
2024-10-04 00:00:00,Great Britain,Pembroke-2,Gas,petroineos,2026-06-05 00:53:48.007966,5695.0
2024-10-05 00:00:00,Great Britain,Pembroke-2,Gas,petroineos,2026-06-05 00:53:48.007966,6325.0
2024-10-06 00:00:00,Great Britain,Pembroke-2,Gas,petroineos,2026-06-05 00:53:48.007966,5102.0
2024-10-07 00:00:00,Great Britain,Pembroke-2,Gas,petroineos,2026-06-05 00:53:48.007966,5521.0
2024-10-08 00:00:00,Great Britain,Pembroke-2,Gas,petroineos,2026-06-05 00:53:48.007966,7830.0
2024-10-09 00:00:00,Great Britain,Pembroke-2,Gas,petroineos,2026-06-05 00:53:48.007966,5308.0
2024-10-10 00:00:00,Great Britain,Pembroke-2,Gas,petroineos,2026-06-05 00:53:48.007966,7967.0
2024-10-11 00:00:00,Great Britain,Pembroke-2,Gas,petroineos,2026-06-05 00:53:48.007966,5252.0
2024-10-12 00:00:00,Great Britain,Pembroke-2,Gas,petroineos,2026-06-05 00:53:48.007966,5427.0
2024-10-13 00:00:00,Great Britain,Pembroke-2,Gas,petroineos,2026-06-05 00:53:48.007966,8909.0
2024-10-14 00:00:00,Great Britain,Pembroke-2,Gas,petroineos,2026-06-05 00:53:48.007966,8496.0
2024-10-15 00:00:00,Great Britain,Pembroke-2,Gas,petroineos,2026-06-05 00:53:48.007966,5425.0
2024-10-16 00:00:00,Great Britain,Pembroke-2,Gas,petroineos,2026-06-05 00:53:48.007966,5896.0
2024-10-17 00:00:00,Great Britain,Pembroke-2,Gas,petroineos,2026-06-05 00:53:48.007966,5248.0
2024-10-18 00:00:00,Great Britain,Pembroke-2,Gas,petroineos,2026-06-05 00:53:48.007966,7859.0
2024-10-19 00:00:00,Great Britain,Pembroke-2,Gas,petroineos,2026-06-05 00:53:48.007966,8594.0
2024-10-20 00:00:00,Great Britain,Pembroke-2,Gas,petroineos,2026-06-05 00:53:48.007966,5101.0
2024-10-21 00:00:00,Great Britain,Pembroke-2,Gas,petroineos,2026-06-05 00:53:48.007966,7183.0
2024-10-22 00:00:00,Great Britain,Pembroke-2,Gas,petroineos,2026-06-05 00:53:48.007966,5342.0
2024-10-23 00:00:00,Great Britain,Pembroke-2,Gas,petroineos,2026-06-05 00:53:48.007966,7113.0
2024-10-24 00:00:00,Great Britain,Pembroke-2,Gas,petroineos,2026-06-05 00:53:48.007966,7565.0
2024-10-25 00:00:00,Great Britain,Pembroke-2,Gas,petroineos,2026-06-05 00:53:48.007966,8524.0
2024-10-26 00:00:00,Great Britain,Pembroke-2,Gas,petroineos,2026-06-05 00:53:48.007966,5740.0
2024-10-27 00:00:00,Great Britain,Pembroke-2,Gas,petroineos,2026-06-05 00:53:48.007966,5803.0
2024-10-28 00:00:00,Great Britain,Pembroke-2,Gas,petroineos,2026-06-05 00:53:48.007966,8092.0
2024-10-29 00:00:00,Great Britain,Pembroke-2,Gas,petroineos,2026-06-05 00:53:48.007966,7813.0
2024-10-30 00:00:00,Great Britain,Pembroke-2,Gas,petroineos,2026-06-05 00:53:48.007966,6843.0
2024-10-31 00:00:00,Great Britain,Pembroke-2,Gas,petroineos,2026-06-05 00:53:48.007966,8543.0
2024-11-01 00:00:00,Great Britain,Pembroke-2,Gas,petroineos,2026-06-05 00:53:48.007966,6488.0
2024-11-02 00:00:00,Great Britain,Pembroke-2,Gas,petroineos,2026-06-05 00:53:48.007966,5205.0
2024-11-03 00:00:00,Great Britain,Pembroke-2,Gas,petroineos,2026-06-05 00:53:48.007966,6474.0
2024-11-04 00:00:00,Great Britain,Pembroke-2,Gas,petroineos,2026-06-05 00:53:48.007966,6167.0
2024-11-05 00:00:00,Great Britain,Pembroke-2,Gas,petroineos,2026-06-05 00:53:48.007966,6638.0
2024-11-06 00:00:00,Great Britain,Pembroke-2,Gas,petroineos,2026-06-05 00:53:48.007966,6121.0
2024-11-07 00:00:00,Great Britain,Pembroke-2,Gas,petroineos,2026-06-05 00:53:48.007966,5552.0
2024-11-08 00:00:00,Great Britain,Pembroke-2,Gas,petroineos,2026-06-05 00:53:48.007966,8057.0
2024-11-09 00:00:00,Great Britain,Pembroke-2,Gas,petroineos,2026-06-05 00:53:48.007966,6760.0
2024-11-10 00:00:00,Great Britain,Pembroke-2,Gas,petroineos,2026-06-05 00:53:48.007966,8622.0
2024-11-11 00:00:00,Great Britain,Pembroke-2,Gas,petroineos,2026-06-05 00:53:48.007966,8934.0
2024-11-12 00:00:00,Great Britain,Pembroke-2,Gas,petroineos,2026-06-05 00:53:48.007966,7066.0
2024-11-13 00:00:00,Great Britain,Pembroke-2,Gas,petroineos,2026-06-05 00:53:48.007966,6118.0
2024-11-14 00:00:00,Great Britain,Pembroke-2,Gas,petroineos,2026-06-05 00:53:48.007966,7338.0
2024-11-15 00:00:00,Great Britain,Pembroke-2,Gas,petroineos,2026-06-05 00:53:48.007966,7809.0
2024-11-16 00:00:00,Great Britain,Pembroke-2,Gas,petroineos,2026-06-05 00:53:48.007966,7956.0
2024-11-17 00:00:00,Great Britain,Pembroke-2,Gas,petroineos,2026-06-05 00:53:48.007966,8840.0
2024-11-18 00:00:00,Great Britain,Pembroke-2,Gas,petroineos,2026-06-05 00:53:48.007966,7142.0
2024-11-19 00:00:00,Great Britain,Pembroke-2,Gas,petroineos,2026-06-05 00:53:48.007966,8652.0
2024-11-20 00:00:00,Great Britain,Pembroke-2,Gas,petroineos,2026-06-05 00:53:48.007966,5759.0
2024-11-21 00:00:00,Great Britain,Pembroke-2,Gas,petroineos,2026-06-05 00:53:48.007966,7845.0
2024-11-22 00:00:00,Great Britain,Pembroke-2,Gas,petroineos,2026-06-05 00:53:48.007966,5532.0
2024-11-23 00:00:00,Great Britain,Pembroke-2,Gas,petroineos,2026-06-05 00:53:48.007966,7959.0
2024-11-24 00:00:00,Great Britain,Pembroke-2,Gas,petroineos,2026-06-05 00:53:48.007966,8748.0
2024-11-25 00:00:00,Great Britain,Pembroke-2,Gas,petroineos,2026-06-05 00:53:48.007966,6836.0
2024-11-26 00:00:00,Great Britain,Pembroke-2,Gas,petroineos,2026-06-05 00:53:48.007966,6369.0
2024-11-27 00:00:00,Great Britain,Pembroke-2,Gas,petroineos,2026-06-05 00:53:48.007966,6184.0
2024-11-28 00:00:00,Great Britain,Pembroke-2,Gas,petroineos,2026-06-05 00:53:48.007966,6303.0
2024-11-29 00:00:00,Great Britain,Pembroke-2,Gas,petroineos,2026-06-05 00:53:48.007966,6505.0
2024-11-30 00:00:00,Great Britain,Pembroke-2,Gas,petroineos,2026-06-05 00:53:48.007966,5128.0
2024-12-01 00:00:00,Great Britain,Pembroke-2,Gas,petroineos,2026-06-05 00:53:48.007966,6293.0
2024-12-02 00:00:00,Great Britain,Pembroke-2,Gas,petroineos,2026-06-05 00:53:48.007966,6205.0
2024-12-03 00:00:00,Great Britain,Pembroke-2,Gas,petroineos,2026-06-05 00:53:48.007966,5563.0
2024-12-04 00:00:00,Great Britain,Pembroke-2,Gas,petroineos,2026-06-05 00:53:48.007966,5790.0
2024-12-05 00:00:00,Great Britain,Pembroke-2,Gas,petroineos,2026-06-05 00:53:48.007966,5142.0
2024-12-06 00:00:00,Great Britain,Pembroke-2,Gas,petroineos,2026-06-05 00:53:48.007966,8224.0
2024-12-07 00:00:00,Great Britain,Pembroke-2,Gas,petroineos,2026-06-05 00:53:48.007966,8068.0
2024-12-08 00:00:00,Great Britain,Pembroke-2,Gas,petroineos,2026-06-05 00:53:48.007966,7459.0
2024-12-09 00:00:00,Great Britain,Pembroke-2,Gas,petroineos,2026-06-05 00:53:48.007966,7660.0
2024-12-10 00:00:00,Great Britain,Pembroke-2,Gas,petroineos,2026-06-05 00:53:48.007966,7124.0
2024-12-11 00:00:00,Great Britain,Pembroke-2,Gas,petroineos,2026-06-05 00:53:48.007966,8976.0
2024-12-12 00:00:00,Great Britain,Pembroke-2,Gas,petroineos,2026-06-05 00:53:48.007966,7114.0
2024-12-13 00:00:00,Great Britain,Pembroke-2,Gas,petroineos,2026-06-05 00:53:48.007966,8582.0
2024-12-14 00:00:00,Great Britain,Pembroke-2,Gas,petroineos,2026-06-05 00:53:48.007966,5348.0
2024-12-15 00:00:00,Great Britain,Pembroke-2,Gas,petroineos,2026-06-05 00:53:48.007966,5257.0
2024-12-16 00:00:00,Great Britain,Pembroke-2,Gas,petroineos,2026-06-05 00:53:48.007966,8594.0
2024-12-17 00:00:00,Great Britain,Pembroke-2,Gas,petroineos,2026-06-05 00:53:48.007966,8652.0
2024-12-18 00:00:00,Great Britain,Pembroke-2,Gas,petroineos,2026-06-05 00:53:48.007966,6726.0
2024-12-19 00:00:00,Great Britain,Pembroke-2,Gas,petroineos,2026-06-05 00:53:48.007966,5924.0
2024-12-20 00:00:00,Great Britain,Pembroke-2,Gas,petroineos,2026-06-05 00:53:48.007966,8105.0
2024-12-21 00:00:00,Great Britain,Pembroke-2,Gas,petroineos,2026-06-05 00:53:48.007966,5730.0
2024-12-22 00:00:00,Great Britain,Pembroke-2,Gas,petroineos,2026-06-05 00:53:48.007966,8984.0
2024-12-23 00:00:00,Great Britain,Pembroke-2,Gas,petroineos,2026-06-05 00:53:48.007966,5341.0
2024-12-24 00:00:00,Great Britain,Pembroke-2,Gas,petroineos,2026-06-05 00:53:48.007966,6429.0
2024-12-25 00:00:00,Great Britain,Pembroke-2,Gas,petroineos,2026-06-05 00:53:48.007966,5676.0
2024-12-26 00:00:00,Great Britain,Pembroke-2,Gas,petroineos,2026-06-05 00:53:48.007966,5631.0
2024-12-27 00:00:00,Great Britain,Pembroke-2,Gas,petroineos,2026-06-05 00:53:48.007966,6773.0
2024-12-28 00:00:00,Great Britain,Pembroke-2,Gas,petroineos,2026-06-05 00:53:48.007966,7510.0
2024-12-29 00:00:00,Great Britain,Pembroke-2,Gas,petroineos,2026-06-05 00:53:48.007966,5161.0
2024-12-30 00:00:00,Great Britain,Pembroke-2,Gas,petroineos,2026-06-05 00:53:48.007966,8719.0
2024-12-31 00:00:00,Great Britain,Pembroke-2,Gas,petroineos,2026-06-05 00:53:48.007966,7527.0
2025-01-01 00:00:00,Great Britain,Pembroke-2,Gas,petroineos,2026-06-05 00:53:48.007966,8071.0
2025-01-02 00:00:00,Great Britain,Pembroke-2,Gas,petroineos,2026-06-05 00:53:48.007966,6633.0
2025-01-03 00:00:00,Great Britain,Pembroke-2,Gas,petroineos,2026-06-05 00:53:48.007966,7777.0
2025-01-04 00:00:00,Great Britain,Pembroke-2,Gas,petroineos,2026-06-05 00:53:48.007966,5762.0
2025-01-05 00:00:00,Great Britain,Pembroke-2,Gas,petroineos,2026-06-05 00:53:48.007966,8609.0
2025-01-06 00:00:00,Great Britain,Pembroke-2,Gas,petroineos,2026-06-05 00:53:48.007966,8400.0
2025-01-07 00:00:00,Great Britain,Pembroke-2,Gas,petroineos,2026-06-05 00:53:48.007966,7797.0
2025-01-08 00:00:00,Great Britain,Pembroke-2,Gas,petroineos,2026-06-05 00:53:48.007966,6490.0
2025-01-09 00:00:00,Great Britain,Pembroke-2,Gas,petroineos,2026-06-05 00:53:48.007966,6258.0
2025-01-10 00:00:00,Great Britain,Pembroke-2,Gas,petroineos,2026-06-05 00:53:48.007966,6299.0
2025-01-11 00:00:00,Great Britain,Pembroke-2,Gas,petroineos,2026-06-05 00:53:48.007966,8018.0
2025-01-12 00:00:00,Great Britain,Pembroke-2,Gas,petroineos,2026-06-05 00:53:48.007966,6381.0
2025-01-13 00:00:00,Great Britain,Pembroke-2,Gas,petroineos,2026-06-05 00:53:48.007966,8154.0
2025-01-14 00:00:00,Great Britain,Pembroke-2,Gas,petroineos,2026-06-05 00:53:48.007966,5246.0
2025-01-15 00:00:00,Great Britain,Pembroke-2,Gas,petroineos,2026-06-05 00:53:48.007966,6705.0
2025-01-16 00:00:00,Great Britain,Pembroke-2,Gas,petroineos,2026-06-05 00:53:48.007966,5571.0
2025-01-17 00:00:00,Great Britain,Pembroke-2,Gas,petroineos,2026-06-05 00:53:48.007966,7261.0
2025-01-18 00:00:00,Great Britain,Pembroke-2,Gas,petroineos,2026-06-05 00:53:48.007966,7958.0
2025-01-19 00:00:00,Great Britain,Pembroke-2,Gas,petroineos,2026-06-05 00:53:48.007966,6723.0
2025-01-20 00:00:00,Great Britain,Pembroke-2,Gas,petroineos,2026-06-05 00:53:48.007966,6376.0
2025-01-21 00:00:00,Great Britain,Pembroke-2,Gas,petroineos,2026-06-05 00:53:48.007966,7991.0
2025-01-22 00:00:00,Great Britain,Pembroke-2,Gas,petroineos,2026-06-05 00:53:48.007966,6789.0
2025-01-23 00:00:00,Great Britain,Pembroke-2,Gas,petroineos,2026-06-05 00:53:48.007966,7990.0
2025-01-24 00:00:00,Great Britain,Pembroke-2,Gas,petroineos,2026-06-05 00:53:48.007966,5250.0
2025-01-25 00:00:00,Great Britain,Pembroke-2,Gas,petroineos,2026-06-05 00:53:48.007966,8211.0
2025-01-26 00:00:00,Great Britain,Pembroke-2,Gas,petroineos,2026-06-05 00:53:48.007966,7267.0
2025-01-27 00:00:00,Great Britain,Pembroke-2,Gas,petroineos,2026-06-05 00:53:48.007966,5167.0
2025-01-28 00:00:00,Great Britain,Pembroke-2,Gas,petroineos,2026-06-05 00:53:48.007966,7152.0
2025-01-29 00:00:00,Great Britain,Pembroke-2,Gas,petroineos,2026-06-05 00:53:48.007966,6554.0
2025-01-30 00:00:00,Great Britain,Pembroke-2,Gas,petroineos,2026-06-05 00:53:48.007966,6292.0
2025-01-31 00:00:00,Great Britain,Pembroke-2,Gas,petroineos,2026-06-05 00:53:48.007966,8750.0
2025-02-01 00:00:00,Great Britain,Pembroke-2,Gas,petroineos,2026-06-05 00:53:48.007966,6177.0
2025-02-02 00:00:00,Great Britain,Pembroke-2,Gas,petroineos,2026-06-05 00:53:48.007966,8732.0
2025-02-03 00:00:00,Great Britain,Pembroke-2,Gas,petroineos,2026-06-05 00:53:48.007966,8149.0
2025-02-04 00:00:00,Great Britain,Pembroke-2,Gas,petroineos,2026-06-05 00:53:48.007966,7912.0
2025-02-05 00:00:00,Great Britain,Pembroke-2,Gas,petroineos,2026-06-05 00:53:48.007966,8005.0
2025-02-06 00:00:00,Great Britain,Pembroke-2,Gas,petroineos,2026-06-05 00:53:48.007966,5491.0
2025-02-07 00:00:00,Great Britain,Pembroke-2,Gas,petroineos,2026-06-05 00:53:48.007966,8717.0
2025-02-08 00:00:00,Great Britain,Pembroke-2,Gas,petroineos,2026-06-05 00:53:48.007966,7887.0
2025-02-09 00:00:00,Great Britain,Pembroke-2,Gas,petroineos,2026-06-05 00:53:48.007966,8436.0
2025-02-10 00:00:00,Great Britain,Pembroke-2,Gas,petroineos,2026-06-05 00:53:48.007966,6977.0
2025-02-11 00:00:00,Great Britain,Pembroke-2,Gas,petroineos,2026-06-05 00:53:48.007966,7455.0
2025-02-12 00:00:00,Great Britain,Pembroke-2,Gas,petroineos,2026-06-05 00:53:48.007966,6599.0
2025-02-13 00:00:00,Great Britain,Pembroke-2,Gas,petroineos,2026-06-05 00:53:48.007966,6970.0
2025-02-14 00:00:00,Great Britain,Pembroke-2,Gas,petroineos,2026-06-05 00:53:48.007966,7826.0
2025-02-15 00:00:00,Great Britain,Pembroke-2,Gas,petroineos,2026-06-05 00:53:48.007966,8580.0
2025-02-16 00:00:00,Great Britain,Pembroke-2,Gas,petroineos,2026-06-05 00:53:48.007966,6598.0
2025-02-17 00:00:00,Great Britain,Pembroke-2,Gas,petroineos,2026-06-05 00:53:48.007966,8308.0
2025-02-18 00:00:00,Great Britain,Pembroke-2,Gas,petroineos,2026-06-05 00:53:48.007966,8083.0
2025-02-19 00:00:00,Great Britain,Pembroke-2,Gas,petroineos,2026-06-05 00:53:48.007966,6211.0
2025-02-20 00:00:00,Great Britain,Pembroke-2,Gas,petroineos,2026-06-05 00:53:48.007966,7211.0
2025-02-21 00:00:00,Great Britain,Pembroke-2,Gas,petroineos,2026-06-05 00:53:48.007966,8214.0
2025-02-22 00:00:00,Great Britain,Pembroke-2,Gas,petroineos,2026-06-05 00:53:48.007966,7845.0
2025-02-23 00:00:00,Great Britain,Pembroke-2,Gas,petroineos,2026-06-05 00:53:48.007966,6650.0
2025-02-24 00:00:00,Great Britain,Pembroke-2,Gas,petroineos,2026-06-05 00:53:48.007966,5539.0
2025-02-25 00:00:00,Great Britain,Pembroke-2,Gas,petroineos,2026-06-05 00:53:48.007966,7842.0
2025-02-26 00:00:00,Great Britain,Pembroke-2,Gas,petroineos,2026-06-05 00:53:48.007966,5564.0
2025-02-27 00:00:00,Great Britain,Pembroke-2,Gas,petroineos,2026-06-05 00:53:48.007966,8014.0
2025-02-28 00:00:00,Great Britain,Pembroke-2,Gas,petroineos,2026-06-05 00:53:48.007966,7827.0
2025-03-01 00:00:00,Great Britain,Pembroke-2,Gas,petroineos,2026-06-05 00:53:48.007966,7499.0
2025-03-02 00:00:00,Great Britain,Pembroke-2,Gas,petroineos,2026-06-05 00:53:48.007966,8335.0
2025-03-03 00:00:00,Great Britain,Pembroke-2,Gas,petroineos,2026-06-05 00:53:48.007966,8762.0
2025-03-04 00:00:00,Great Britain,Pembroke-2,Gas,petroineos,2026-06-05 00:53:48.007966,5897.0
2025-03-05 00:00:00,Great Britain,Pembroke-2,Gas,petroineos,2026-06-05 00:53:48.007966,7152.0
2025-03-06 00:00:00,Great Britain,Pembroke-2,Gas,petroineos,2026-06-05 00:53:48.007966,7674.0
2025-03-07 00:00:00,Great Britain,Pembroke-2,Gas,petroineos,2026-06-05 00:53:48.007966,8545.0
2025-03-08 00:00:00,Great Britain,Pembroke-2,Gas,petroineos,2026-06-05 00:53:48.007966,7678.0
2025-03-09 00:00:00,Great Britain,Pembroke-2,Gas,petroineos,2026-06-05 00:53:48.007966,5584.0
2025-03-10 00:00:00,Great Britain,Pembroke-2,Gas,petroineos,2026-06-05 00:53:48.007966,8069.0
2025-03-11 00:00:00,Great Britain,Pembroke-2,Gas,petroineos,2026-06-05 00:53:48.007966,8278.0
2025-03-12 00:00:00,Great Britain,Pembroke-2,Gas,petroineos,2026-06-05 00:53:48.007966,8080.0
2025-03-13 00:00:00,Great Britain,Pembroke-2,Gas,petroineos,2026-06-05 00:53:48.007966,8222.0
2025-03-14 00:00:00,Great Britain,Pembroke-2,Gas,petroineos,2026-06-05 00:53:48.007966,7840.0
2025-03-15 00:00:00,Great Britain,Pembroke-2,Gas,petroineos,2026-06-05 00:53:48.007966,8352.0
2025-03-16 00:00:00,Great Britain,Pembroke-2,Gas,petroineos,2026-06-05 00:53:48.007966,8700.0
2025-03-17 00:00:00,Great Britain,Pembroke-2,Gas,petroineos,2026-06-05 00:53:48.007966,7591.0
2025-03-18 00:00:00,Great Britain,Pembroke-2,Gas,petroineos,2026-06-05 00:53:48.007966,5694.0
2025-03-19 00:00:00,Great Britain,Pembroke-2,Gas,petroineos,2026-06-05 00:53:48.007966,5550.0
2025-03-20 00:00:00,Great Britain,Pembroke-2,Gas,petroineos,2026-06-05 00:53:48.007966,6313.0
2025-03-21 00:00:00,Great Britain,Pembroke-2,Gas,petroineos,2026-06-05 00:53:48.007966,0.0
2025-03-22 00:00:00,Great Britain,Pembroke-2,Gas,petroineos,2026-06-05 00:53:48.007966,0.0
2025-03-23 00:00:00,Great Britain,Pembroke-2,Gas,petroineos,2026-06-05 00:53:48.007966,0.0
2025-03-24 00:00:00,Great Britain,Pembroke-2,Gas,petroineos,2026-06-05 00:53:48.007966,0.0
2025-03-25 00:00:00,Great Britain,Pembroke-2,Gas,petroineos,2026-06-05 00:53:48.007966,5317.0
2025-03-26 00:00:00,Great Britain,Pembroke-2,Gas,petroineos,2026-06-05 00:53:48.007966,6384.0
2025-03-27 00:00:00,Great Britain,Pembroke-2,Gas,petroineos,2026-06-05 00:53:48.007966,8883.0
2025-03-28 00:00:00,Great Britain,Pembroke-2,Gas,petroineos,2026-06-05 00:53:48.007966,5643.0
2025-03-29 00:00:00,Great Britain,Pembroke-2,Gas,petroineos,2026-06-05 00:53:48.007966,6683.0
2025-03-30 00:00:00,Great Britain,Pembroke-2,Gas,petroineos,2026-06-05 00:53:48.007966,6246.0
2025-03-31 00:00:00,Great Britain,Pembroke-2,Gas,petroineos,2026-06-05 00:53:48.007966,8187.0
2025-04-01 00:00:00,Great Britain,Pembroke-2,Gas,petroineos,2026-06-05 00:53:48.007966,7071.0
2025-04-02 00:00:00,Great Britain,Pembroke-2,Gas,petroineos,2026-06-05 00:53:48.007966,6902.0
2025-04-03 00:00:00,Great Britain,Pembroke-2,Gas,petroineos,2026-06-05 00:53:48.007966,6236.0
2025-04-04 00:00:00,Great Britain,Pembroke-2,Gas,petroineos,2026-06-05 00:53:48.007966,8845.0
2025-04-05 00:00:00,Great Britain,Pembroke-2,Gas,petroineos,2026-06-05 00:53:48.007966,6353.0
2025-04-06 00:00:00,Great Britain,Pembroke-2,Gas,petroineos,2026-06-05 00:53:48.007966,5975.0
2025-04-07 00:00:00,Great Britain,Pembroke-2,Gas,petroineos,2026-06-05 00:53:48.007966,5226.0
2025-04-08 00:00:00,Great Britain,Pembroke-2,Gas,petroineos,2026-06-05 00:53:48.007966,7335.0
2025-04-09 00:00:00,Great Britain,Pembroke-2,Gas,petroineos,2026-06-05 00:53:48.007966,8769.0
2025-04-10 00:00:00,Great Britain,Pembroke-2,Gas,petroineos,2026-06-05 00:53:48.007966,7833.0
2025-04-11 00:00:00,Great Britain,Pembroke-2,Gas,petroineos,2026-06-05 00:53:48.007966,5911.0
2025-04-12 00:00:00,Great Britain,Pembroke-2,Gas,petroineos,2026-06-05 00:53:48.007966,8352.0
2025-04-13 00:00:00,Great Britain,Pembroke-2,Gas,petroineos,2026-06-05 00:53:48.007966,8307.0
2025-04-14 00:00:00,Great Britain,Pembroke-2,Gas,petroineos,2026-06-05 00:53:48.007966,5553.0
2025-04-15 00:00:00,Great Britain,Pembroke-2,Gas,petroineos,2026-06-05 00:53:48.007966,8214.0
2025-04-16 00:00:00,Great Britain,Pembroke-2,Gas,petroineos,2026-06-05 00:53:48.007966,8195.0
2025-04-17 00:00:00,Great Britain,Pembroke-2,Gas,petroineos,2026-06-05 00:53:48.007966,7438.0
2025-04-18 00:00:00,Great Britain,Pembroke-2,Gas,petroineos,2026-06-05 00:53:48.007966,7593.0
2025-04-19 00:00:00,Great Britain,Pembroke-2,Gas,petroineos,2026-06-05 00:53:48.007966,5115.0
2025-04-20 00:00:00,Great Britain,Pembroke-2,Gas,petroineos,2026-06-05 00:53:48.007966,5321.0
2025-04-21 00:00:00,Great Britain,Pembroke-2,Gas,petroineos,2026-06-05 00:53:48.007966,8301.0
2025-04-22 00:00:00,Great Britain,Pembroke-2,Gas,petroineos,2026-06-05 00:53:48.007966,5138.0
2025-04-23 00:00:00,Great Britain,Pembroke-2,Gas,petroineos,2026-06-05 00:53:48.007966,8662.0
2025-04-24 00:00:00,Great Britain,Pembroke-2,Gas,petroineos,2026-06-05 00:53:48.007966,5324.0
2025-04-25 00:00:00,Great Britain,Pembroke-2,Gas,petroineos,2026-06-05 00:53:48.007966,6165.0
2024-01-01 00:00:00,Great Britain,Hornsea-1,Wind,petroineos,2026-06-05 00:53:48.024861,260.166079
2024-01-02 00:00:00,Great Britain,Hornsea-1,Wind,petroineos,2026-06-05 00:53:48.024861,709.48082
2024-01-03 00:00:00,Great Britain,Hornsea-1,Wind,petroineos,2026-06-05 00:53:48.024861,431.5276805
2024-01-04 00:00:00,Great Britain,Hornsea-1,Wind,petroineos,2026-06-05 00:53:48.024861,223.8684725
2024-01-05 00:00:00,Great Britain,Hornsea-1,Wind,petroineos,2026-06-05 00:53:48.024861,686.9850089
2024-01-06 00:00:00,Great Britain,Hornsea-1,Wind,petroineos,2026-06-05 00:53:48.024861,482.9389507
2024-01-07 00:00:00,Great Britain,Hornsea-1,Wind,petroineos,2026-06-05 00:53:48.024861,391.9681302
2024-01-08 00:00:00,Great Britain,Hornsea-1,Wind,petroineos,2026-06-05 00:53:48.024861,478.3591693
2024-01-09 00:00:00,Great Britain,Hornsea-1,Wind,petroineos,2026-06-05 00:53:48.024861,730.1891955
2024-01-10 00:00:00,Great Britain,Hornsea-1,Wind,petroineos,2026-06-05 00:53:48.024861,108.9094077
2024-01-11 00:00:00,Great Britain,Hornsea-1,Wind,petroineos,2026-06-05 00:53:48.024861,788.0407364
2024-01-12 00:00:00,Great Britain,Hornsea-1,Wind,petroineos,2026-06-05 00:53:48.024861,900.6480505
2024-01-13 00:00:00,Great Britain,Hornsea-1,Wind,petroineos,2026-06-05 00:53:48.024861,450.2771879
2024-01-14 00:00:00,Great Britain,Hornsea-1,Wind,petroineos,2026-06-05 00:53:48.024861,345.2368978
2024-01-15 00:00:00,Great Britain,Hornsea-1,Wind,petroineos,2026-06-05 00:53:48.024861,897.1257019
2024-01-16 00:00:00,Great Britain,Hornsea-1,Wind,petroineos,2026-06-05 00:53:48.024861,675.5370319
2024-01-17 00:00:00,Great Britain,Hornsea-1,Wind,petroineos,2026-06-05 00:53:48.024861,790.0488941
2024-01-18 00:00:00,Great Britain,Hornsea-1,Wind,petroineos,2026-06-05 00:53:48.024861,626.4812484
2024-01-19 00:00:00,Great Britain,Hornsea-1,Wind,petroineos,2026-06-05 00:53:48.024861,44.93792871
2024-01-20 00:00:00,Great Britain,Hornsea-1,Wind,petroineos,2026-06-05 00:53:48.024861,798.2779073
2024-01-21 00:00:00,Great Britain,Hornsea-1,Wind,petroineos,2026-06-05 00:53:48.024861,192.2338835
2024-01-22 00:00:00,Great Britain,Hornsea-1,Wind,petroineos,2026-06-05 00:53:48.024861,144.8361681
2024-01-23 00:00:00,Great Britain,Hornsea-1,Wind,petroineos,2026-06-05 00:53:48.024861,100.2454953
2024-01-24 00:00:00,Great Britain,Hornsea-1,Wind,petroineos,2026-06-05 00:53:48.024861,730.7456099
2024-01-25 00:00:00,Great Britain,Hornsea-1,Wind,petroineos,2026-06-05 00:53:48.024861,612.8433146
2024-01-26 00:00:00,Great Britain,Hornsea-1,Wind,petroineos,2026-06-05 00:53:48.024861,659.2915398
2024-01-27 00:00:00,Great Britain,Hornsea-1,Wind,petroineos,2026-06-05 00:53:48.024861,451.8726763
2024-01-28 00:00:00,Great Britain,Hornsea-1,Wind,petroineos,2026-06-05 00:53:48.024861,868.490846
2024-01-29 00:00:00,Great Britain,Hornsea-1,Wind,petroineos,2026-06-05 00:53:48.024861,113.7878374
2024-01-30 00:00:00,Great Britain,Hornsea-1,Wind,petroineos,2026-06-05 00:53:48.024861,361.0639685
2024-01-31 00:00:00,Great Britain,Hornsea-1,Wind,petroineos,2026-06-05 00:53:48.024861,519.6749892
2024-02-01 00:00:00,Great Britain,Hornsea-1,Wind,petroineos,2026-06-05 00:53:48.024861,530.6005281
2024-02-02 00:00:00,Great Britain,Hornsea-1,Wind,petroineos,2026-06-05 00:53:48.024861,282.0222728
2024-02-03 00:00:00,Great Britain,Hornsea-1,Wind,petroineos,2026-06-05 00:53:48.024861,708.5709006
2024-02-04 00:00:00,Great Britain,Hornsea-1,Wind,petroineos,2026-06-05 00:53:48.024861,44.27761517
2024-02-05 00:00:00,Great Britain,Hornsea-1,Wind,petroineos,2026-06-05 00:53:48.024861,943.4803517
2024-02-06 00:00:00,Great Britain,Hornsea-1,Wind,petroineos,2026-06-05 00:53:48.024861,634.5420897
2024-02-07 00:00:00,Great Britain,Hornsea-1,Wind,petroineos,2026-06-05 00:53:48.024861,387.3183309
2024-02-08 00:00:00,Great Britain,Hornsea-1,Wind,petroineos,2026-06-05 00:53:48.024861,938.8456469
2024-02-09 00:00:00,Great Britain,Hornsea-1,Wind,petroineos,2026-06-05 00:53:48.024861,419.8764371
2024-02-10 00:00:00,Great Britain,Hornsea-1,Wind,petroineos,2026-06-05 00:53:48.024861,966.3768979
2024-02-11 00:00:00,Great Britain,Hornsea-1,Wind,petroineos,2026-06-05 00:53:48.024861,523.0203005
2024-02-12 00:00:00,Great Britain,Hornsea-1,Wind,petroineos,2026-06-05 00:53:48.024861,757.1752262
2024-02-13 00:00:00,Great Britain,Hornsea-1,Wind,petroineos,2026-06-05 00:53:48.024861,551.2475887
2024-02-14 00:00:00,Great Britain,Hornsea-1,Wind,petroineos,2026-06-05 00:53:48.024861,268.2841815
2024-02-15 00:00:00,Great Britain,Hornsea-1,Wind,petroineos,2026-06-05 00:53:48.024861,948.876216
2024-02-16 00:00:00,Great Britain,Hornsea-1,Wind,petroineos,2026-06-05 00:53:48.024861,889.9652285
2024-02-17 00:00:00,Great Britain,Hornsea-1,Wind,petroineos,2026-06-05 00:53:48.024861,68.21641066
2024-02-18 00:00:00,Great Britain,Hornsea-1,Wind,petroineos,2026-06-05 00:53:48.024861,231.9581556
2024-02-19 00:00:00,Great Britain,Hornsea-1,Wind,petroineos,2026-06-05 00:53:48.024861,980.7636211
2024-02-20 00:00:00,Great Britain,Hornsea-1,Wind,petroineos,2026-06-05 00:53:48.024861,761.7665815
2024-02-21 00:00:00,Great Britain,Hornsea-1,Wind,petroineos,2026-06-05 00:53:48.024861,373.3883423
2024-02-22 00:00:00,Great Britain,Hornsea-1,Wind,petroineos,2026-06-05 00:53:48.024861,804.0470061
2024-02-23 00:00:00,Great Britain,Hornsea-1,Wind,petroineos,2026-06-05 00:53:48.024861,136.9095426
2024-02-24 00:00:00,Great Britain,Hornsea-1,Wind,petroineos,2026-06-05 00:53:48.024861,188.4137744
2024-02-25 00:00:00,Great Britain,Hornsea-1,Wind,petroineos,2026-06-05 00:53:48.024861,735.6443738
2024-02-26 00:00:00,Great Britain,Hornsea-1,Wind,petroineos,2026-06-05 00:53:48.024861,215.4751421
2024-02-27 00:00:00,Great Britain,Hornsea-1,Wind,petroineos,2026-06-05 00:53:48.024861,9.97371393
2024-02-28 00:00:00,Great Britain,Hornsea-1,Wind,petroineos,2026-06-05 00:53:48.024861,474.9284231
2024-02-29 00:00:00,Great Britain,Hornsea-1,Wind,petroineos,2026-06-05 00:53:48.024861,745.1353299
2024-03-01 00:00:00,Great Britain,Hornsea-1,Wind,petroineos,2026-06-05 00:53:48.024861,259.7834765
2024-03-02 00:00:00,Great Britain,Hornsea-1,Wind,petroineos,2026-06-05 00:53:48.024861,472.3936575
2024-03-03 00:00:00,Great Britain,Hornsea-1,Wind,petroineos,2026-06-05 00:53:48.024861,494.3037271
2024-03-04 00:00:00,Great Britain,Hornsea-1,Wind,petroineos,2026-06-05 00:53:48.024861,76.44770227
2024-03-05 00:00:00,Great Britain,Hornsea-1,Wind,petroineos,2026-06-05 00:53:48.024861,478.3433875
2024-03-06 00:00:00,Great Britain,Hornsea-1,Wind,petroineos,2026-06-05 00:53:48.024861,88.09394207
2024-03-07 00:00:00,Great Britain,Hornsea-1,Wind,petroineos,2026-06-05 00:53:48.024861,764.2628121
2024-03-08 00:00:00,Great Britain,Hornsea-1,Wind,petroineos,2026-06-05 00:53:48.024861,122.3621974
2024-03-09 00:00:00,Great Britain,Hornsea-1,Wind,petroineos,2026-06-05 00:53:48.024861,518.35246
2024-03-10 00:00:00,Great Britain,Hornsea-1,Wind,petroineos,2026-06-05 00:53:48.024861,50.59921987
2024-03-11 00:00:00,Great Britain,Hornsea-1,Wind,petroineos,2026-06-05 00:53:48.024861,827.5956726
2024-03-12 00:00:00,Great Britain,Hornsea-1,Wind,petroineos,2026-06-05 00:53:48.024861,639.7484508
2024-03-13 00:00:00,Great Britain,Hornsea-1,Wind,petroineos,2026-06-05 00:53:48.024861,507.1690444
2024-03-14 00:00:00,Great Britain,Hornsea-1,Wind,petroineos,2026-06-05 00:53:48.024861,682.6846904
2024-03-15 00:00:00,Great Britain,Hornsea-1,Wind,petroineos,2026-06-05 00:53:48.024861,376.1284821
2024-03-16 00:00:00,Great Britain,Hornsea-1,Wind,petroineos,2026-06-05 00:53:48.024861,864.4614151
2024-03-17 00:00:00,Great Britain,Hornsea-1,Wind,petroineos,2026-06-05 00:53:48.024861,634.4660851
2024-03-18 00:00:00,Great Britain,Hornsea-1,Wind,petroineos,2026-06-05 00:53:48.024861,625.897933
2024-03-19 00:00:00,Great Britain,Hornsea-1,Wind,petroineos,2026-06-05 00:53:48.024861,100.0520922
2024-03-20 00:00:00,Great Britain,Hornsea-1,Wind,petroineos,2026-06-05 00:53:48.024861,93.55338538
2024-03-21 00:00:00,Great Britain,Hornsea-1,Wind,petroineos,2026-06-05 00:53:48.024861,255.1127126
2024-03-22 00:00:00,Great Britain,Hornsea-1,Wind,petroineos,2026-06-05 00:53:48.024861,144.3009966
2024-03-23 00:00:00,Great Britain,Hornsea-1,Wind,petroineos,2026-06-05 00:53:48.024861,775.3105328
2024-03-24 00:00:00,Great Britain,Hornsea-1,Wind,petroineos,2026-06-05 00:53:48.024861,183.3000021
2024-03-25 00:00:00,Great Britain,Hornsea-1,Wind,petroineos,2026-06-05 00:53:48.024861,446.1736827
2024-03-26 00:00:00,Great Britain,Hornsea-1,Wind,petroineos,2026-06-05 00:53:48.024861,716.9252822
2024-03-27 00:00:00,Great Britain,Hornsea-1,Wind,petroineos,2026-06-05 00:53:48.024861,705.4532736
2024-03-28 00:00:00,Great Britain,Hornsea-1,Wind,petroineos,2026-06-05 00:53:48.024861,726.7842218
2024-03-29 00:00:00,Great Britain,Hornsea-1,Wind,petroineos,2026-06-05 00:53:48.024861,256.5624994
2024-03-30 00:00:00,Great Britain,Hornsea-1,Wind,petroineos,2026-06-05 00:53:48.024861,491.4170519
2024-03-31 00:00:00,Great Britain,Hornsea-1,Wind,petroineos,2026-06-05 00:53:48.024861,34.24033331
2024-04-01 00:00:00,Great Britain,Hornsea-1,Wind,petroineos,2026-06-05 00:53:48.024861,709.5798441
2024-04-02 00:00:00,Great Britain,Hornsea-1,Wind,petroineos,2026-06-05 00:53:48.024861,743.3741473
2024-04-03 00:00:00,Great Britain,Hornsea-1,Wind,petroineos,2026-06-05 00:53:48.024861,707.4204982
2024-04-04 00:00:00,Great Britain,Hornsea-1,Wind,petroineos,2026-06-05 00:53:48.024861,410.9542817
2024-04-05 00:00:00,Great Britain,Hornsea-1,Wind,petroineos,2026-06-05 00:53:48.024861,67.20217912
2024-04-06 00:00:00,Great Britain,Hornsea-1,Wind,petroineos,2026-06-05 00:53:48.024861,440.0374263
2024-04-07 00:00:00,Great Britain,Hornsea-1,Wind,petroineos,2026-06-05 00:53:48.024861,490.2587824
2024-04-08 00:00:00,Great Britain,Hornsea-1,Wind,petroineos,2026-06-05 00:53:48.024861,609.6281702
2024-04-09 00:00:00,Great Britain,Hornsea-1,Wind,petroineos,2026-06-05 00:53:48.024861,995.1330706
2024-04-10 00:00:00,Great Britain,Hornsea-1,Wind,petroineos,2026-06-05 00:53:48.024861,567.1181277
2024-04-11 00:00:00,Great Britain,Hornsea-1,Wind,petroineos,2026-06-05 00:53:48.024861,703.3752213
2024-04-12 00:00:00,Great Britain,Hornsea-1,Wind,petroineos,2026-06-05 00:53:48.024861,512.2964287
2024-04-13 00:00:00,Great Britain,Hornsea-1,Wind,petroineos,2026-06-05 00:53:48.024861,214.4378813
2024-04-14 00:00:00,Great Britain,Hornsea-1,Wind,petroineos,2026-06-05 00:53:48.024861,744.8401506
2024-04-15 00:00:00,Great Britain,Hornsea-1,Wind,petroineos,2026-06-05 00:53:48.024861,678.7404655
2024-04-16 00:00:00,Great Britain,Hornsea-1,Wind,petroineos,2026-06-05 00:53:48.024861,236.7856327
2024-04-17 00:00:00,Great Britain,Hornsea-1,Wind,petroineos,2026-06-05 00:53:48.024861,287.6589414
2024-04-18 00:00:00,Great Britain,Hornsea-1,Wind,petroineos,2026-06-05 00:53:48.024861,779.1967736
2024-04-19 00:00:00,Great Britain,Hornsea-1,Wind,petroineos,2026-06-05 00:53:48.024861,193.504586
2024-04-20 00:00:00,Great Britain,Hornsea-1,Wind,petroineos,2026-06-05 00:53:48.024861,341.9781696
2024-04-21 00:00:00,Great Britain,Hornsea-1,Wind,petroineos,2026-06-05 00:53:48.024861,936.0418848
2024-04-22 00:00:00,Great Britain,Hornsea-1,Wind,petroineos,2026-06-05 00:53:48.024861,743.4752851
2024-04-23 00:00:00,Great Britain,Hornsea-1,Wind,petroineos,2026-06-05 00:53:48.024861,464.4704805
2024-04-24 00:00:00,Great Britain,Hornsea-1,Wind,petroineos,2026-06-05 00:53:48.024861,456.0405009
2024-04-25 00:00:00,Great Britain,Hornsea-1,Wind,petroineos,2026-06-05 00:53:48.024861,912.2259452
2024-04-26 00:00:00,Great Britain,Hornsea-1,Wind,petroineos,2026-06-05 00:53:48.024861,826.7963024
2024-04-27 00:00:00,Great Britain,Hornsea-1,Wind,petroineos,2026-06-05 00:53:48.024861,285.1037559
2024-04-28 00:00:00,Great Britain,Hornsea-1,Wind,petroineos,2026-06-05 00:53:48.024861,571.7680724
2024-04-29 00:00:00,Great Britain,Hornsea-1,Wind,petroineos,2026-06-05 00:53:48.024861,534.5096918
2024-04-30 00:00:00,Great Britain,Hornsea-1,Wind,petroineos,2026-06-05 00:53:48.024861,681.184412
2024-05-01 00:00:00,Great Britain,Hornsea-1,Wind,petroineos,2026-06-05 00:53:48.024861,101.9762534
2024-05-02 00:00:00,Great Britain,Hornsea-1,Wind,petroineos,2026-06-05 00:53:48.024861,451.5761811
2024-05-03 00:00:00,Great Britain,Hornsea-1,Wind,petroineos,2026-06-05 00:53:48.024861,887.1696158
2024-05-04 00:00:00,Great Britain,Hornsea-1,Wind,petroineos,2026-06-05 00:53:48.024861,667.4369129
2024-05-05 00:00:00,Great Britain,Hornsea-1,Wind,petroineos,2026-06-05 00:53:48.024861,215.0602215
2024-05-06 00:00:00,Great Britain,Hornsea-1,Wind,petroineos,2026-06-05 00:53:48.024861,907.9553389
2024-05-07 00:00:00,Great Britain,Hornsea-1,Wind,petroineos,2026-06-05 00:53:48.024861,122.0076776
2024-05-08 00:00:00,Great Britain,Hornsea-1,Wind,petroineos,2026-06-05 00:53:48.024861,351.0785544
2024-05-09 00:00:00,Great Britain,Hornsea-1,Wind,petroineos,2026-06-05 00:53:48.024861,18.15025244
2024-05-10 00:00:00,Great Britain,Hornsea-1,Wind,petroineos,2026-06-05 00:53:48.024861,95.68674183
2024-05-11 00:00:00,Great Britain,Hornsea-1,Wind,petroineos,2026-06-05 00:53:48.024861,566.3299249
2024-05-12 00:00:00,Great Britain,Hornsea-1,Wind,petroineos,2026-06-05 00:53:48.024861,201.9324855
2024-05-13 00:00:00,Great Britain,Hornsea-1,Wind,petroineos,2026-06-05 00:53:48.024861,849.8524931
2024-05-14 00:00:00,Great Britain,Hornsea-1,Wind,petroineos,2026-06-05 00:53:48.024861,575.9348456
2024-05-15 00:00:00,Great Britain,Hornsea-1,Wind,petroineos,2026-06-05 00:53:48.024861,573.7797378
2024-05-16 00:00:00,Great Britain,Hornsea-1,Wind,petroineos,2026-06-05 00:53:48.024861,757.7660701
2024-05-17 00:00:00,Great Britain,Hornsea-1,Wind,petroineos,2026-06-05 00:53:48.024861,90.32708041
2024-05-18 00:00:00,Great Britain,Hornsea-1,Wind,petroineos,2026-06-05 00:53:48.024861,782.5365544
2024-05-19 00:00:00,Great Britain,Hornsea-1,Wind,petroineos,2026-06-05 00:53:48.024861,724.5787318
2024-05-20 00:00:00,Great Britain,Hornsea-1,Wind,petroineos,2026-06-05 00:53:48.024861,236.999855
2024-05-21 00:00:00,Great Britain,Hornsea-1,Wind,petroineos,2026-06-05 00:53:48.024861,726.4625354
2024-05-22 00:00:00,Great Britain,Hornsea-1,Wind,petroineos,2026-06-05 00:53:48.024861,586.7944058
2024-05-23 00:00:00,Great Britain,Hornsea-1,Wind,petroineos,2026-06-05 00:53:48.024861,14.31980602
2024-05-24 00:00:00,Great Britain,Hornsea-1,Wind,petroineos,2026-06-05 00:53:48.024861,116.3333179
2024-05-25 00:00:00,Great Britain,Hornsea-1,Wind,petroineos,2026-06-05 00:53:48.024861,601.1395721
2024-05-26 00:00:00,Great Britain,Hornsea-1,Wind,petroineos,2026-06-05 00:53:48.024861,419.3895191
2024-05-27 00:00:00,Great Britain,Hornsea-1,Wind,petroineos,2026-06-05 00:53:48.024861,159.1142052
2024-05-28 00:00:00,Great Britain,Hornsea-1,Wind,petroineos,2026-06-05 00:53:48.024861,31.03815596
2024-05-29 00:00:00,Great Britain,Hornsea-1,Wind,petroineos,2026-06-05 00:53:48.024861,533.2710985
2024-05-30 00:00:00,Great Britain,Hornsea-1,Wind,petroineos,2026-06-05 00:53:48.024861,913.8055159
2024-05-31 00:00:00,Great Britain,Hornsea-1,Wind,petroineos,2026-06-05 00:53:48.024861,101.3484039
2024-06-01 00:00:00,Great Britain,Hornsea-1,Wind,petroineos,2026-06-05 00:53:48.024861,233.7206177
2024-06-02 00:00:00,Great Britain,Hornsea-1,Wind,petroineos,2026-06-05 00:53:48.024861,48.94217702
2024-06-03 00:00:00,Great Britain,Hornsea-1,Wind,petroineos,2026-06-05 00:53:48.024861,226.7865789
2024-06-04 00:00:00,Great Britain,Hornsea-1,Wind,petroineos,2026-06-05 00:53:48.024861,406.0526593
2024-06-05 00:00:00,Great Britain,Hornsea-1,Wind,petroineos,2026-06-05 00:53:48.024861,460.183978
2024-06-06 00:00:00,Great Britain,Hornsea-1,Wind,petroineos,2026-06-05 00:53:48.024861,152.1253541
2024-06-07 00:00:00,Great Britain,Hornsea-1,Wind,petroineos,2026-06-05 00:53:48.024861,740.4453802
2024-06-08 00:00:00,Great Britain,Hornsea-1,Wind,petroineos,2026-06-05 00:53:48.024861,82.0180079
2024-06-09 00:00:00,Great Britain,Hornsea-1,Wind,petroineos,2026-06-05 00:53:48.024861,192.7050389
2024-06-10 00:00:00,Great Britain,Hornsea-1,Wind,petroineos,2026-06-05 00:53:48.024861,433.828455
2024-06-11 00:00:00,Great Britain,Hornsea-1,Wind,petroineos,2026-06-05 00:53:48.024861,681.0232057
2024-06-12 00:00:00,Great Britain,Hornsea-1,Wind,petroineos,2026-06-05 00:53:48.024861,688.4347961
2024-06-13 00:00:00,Great Britain,Hornsea-1,Wind,petroineos,2026-06-05 00:53:48.024861,585.9840153
2024-06-14 00:00:00,Great Britain,Hornsea-1,Wind,petroineos,2026-06-05 00:53:48.024861,565.1346775
2024-06-15 00:00:00,Great Britain,Hornsea-1,Wind,petroineos,2026-06-05 00:53:48.024861,175.5214835
2024-06-16 00:00:00,Great Britain,Hornsea-1,Wind,petroineos,2026-06-05 00:53:48.024861,176.3817354
2024-06-17 00:00:00,Great Britain,Hornsea-1,Wind,petroineos,2026-06-05 00:53:48.024861,539.1468865
2024-06-18 00:00:00,Great Britain,Hornsea-1,Wind,petroineos,2026-06-05 00:53:48.024861,349.2494702
2024-06-19 00:00:00,Great Britain,Hornsea-1,Wind,petroineos,2026-06-05 00:53:48.024861,135.246233
2024-06-20 00:00:00,Great Britain,Hornsea-1,Wind,petroineos,2026-06-05 00:53:48.024861,466.6833371
2024-06-21 00:00:00,Great Britain,Hornsea-1,Wind,petroineos,2026-06-05 00:53:48.024861,199.1039816
2024-06-22 00:00:00,Great Britain,Hornsea-1,Wind,petroineos,2026-06-05 00:53:48.024861,450.0768494
2024-06-23 00:00:00,Great Britain,Hornsea-1,Wind,petroineos,2026-06-05 00:53:48.024861,852.9955136
2024-06-24 00:00:00,Great Britain,Hornsea-1,Wind,petroineos,2026-06-05 00:53:48.024861,16.04235529
2024-06-25 00:00:00,Great Britain,Hornsea-1,Wind,petroineos,2026-06-05 00:53:48.024861,122.756107
2024-06-26 00:00:00,Great Britain,Hornsea-1,Wind,petroineos,2026-06-05 00:53:48.024861,536.7479176
2024-06-27 00:00:00,Great Britain,Hornsea-1,Wind,petroineos,2026-06-05 00:53:48.024861,505.5315281
2024-06-28 00:00:00,Great Britain,Hornsea-1,Wind,petroineos,2026-06-05 00:53:48.024861,588.3912693
2024-06-29 00:00:00,Great Britain,Hornsea-1,Wind,petroineos,2026-06-05 00:53:48.024861,535.4964281
2024-06-30 00:00:00,Great Britain,Hornsea-1,Wind,petroineos,2026-06-05 00:53:48.024861,394.9792377
2024-07-01 00:00:00,Great Britain,Hornsea-1,Wind,petroineos,2026-06-05 00:53:48.024861,630.2384393
2024-07-02 00:00:00,Great Britain,Hornsea-1,Wind,petroineos,2026-06-05 00:53:48.024861,276.305406
2024-07-03 00:00:00,Great Britain,Hornsea-1,Wind,petroineos,2026-06-05 00:53:48.024861,556.1357926
2024-07-04 00:00:00,Great Britain,Hornsea-1,Wind,petroineos,2026-06-05 00:53:48.024861,604.3041596
2024-07-05 00:00:00,Great Britain,Hornsea-1,Wind,petroineos,2026-06-05 00:53:48.024861,896.8524948
2024-07-06 00:00:00,Great Britain,Hornsea-1,Wind,petroineos,2026-06-05 00:53:48.024861,331.3850934
2024-07-07 00:00:00,Great Britain,Hornsea-1,Wind,petroineos,2026-06-05 00:53:48.024861,214.4562681
2024-07-08 00:00:00,Great Britain,Hornsea-1,Wind,petroineos,2026-06-05 00:53:48.024861,369.5114442
2024-07-09 00:00:00,Great Britain,Hornsea-1,Wind,petroineos,2026-06-05 00:53:48.024861,935.1765318
2024-07-10 00:00:00,Great Britain,Hornsea-1,Wind,petroineos,2026-06-05 00:53:48.024861,186.0453531
2024-07-11 00:00:00,Great Britain,Hornsea-1,Wind,petroineos,2026-06-05 00:53:48.024861,346.7582946
2024-07-12 00:00:00,Great Britain,Hornsea-1,Wind,petroineos,2026-06-05 00:53:48.024861,165.8619781
2024-07-16 00:00:00,Great Britain,Hornsea-1,Wind,petroineos,2026-06-05 00:53:48.024861,184.3188901
2024-07-17 00:00:00,Great Britain,Hornsea-1,Wind,petroineos,2026-06-05 00:53:48.024861,167.0591141
2024-07-18 00:00:00,Great Britain,Hornsea-1,Wind,petroineos,2026-06-05 00:53:48.024861,140.5876711
2024-07-19 00:00:00,Great Britain,Hornsea-1,Wind,petroineos,2026-06-05 00:53:48.024861,918.1716381
2024-07-20 00:00:00,Great Britain,Hornsea-1,Wind,petroineos,2026-06-05 00:53:48.024861,396.3219824
2024-07-21 00:00:00,Great Britain,Hornsea-1,Wind,petroineos,2026-06-05 00:53:48.024861,8.136290403
2024-07-22 00:00:00,Great Britain,Hornsea-1,Wind,petroineos,2026-06-05 00:53:48.024861,324.9441787
2024-07-23 00:00:00,Great Britain,Hornsea-1,Wind,petroineos,2026-06-05 00:53:48.024861,740.9094146
2024-07-24 00:00:00,Great Britain,Hornsea-1,Wind,petroineos,2026-06-05 00:53:48.024861,944.2582608
2024-07-25 00:00:00,Great Britain,Hornsea-1,Wind,petroineos,2026-06-05 00:53:48.024861,375.3326467
2024-07-26 00:00:00,Great Britain,Hornsea-1,Wind,petroineos,2026-06-05 00:53:48.024861,159.4890443
2024-07-27 00:00:00,Great Britain,Hornsea-1,Wind,petroineos,2026-06-05 00:53:48.024861,426.1760633
2024-07-28 00:00:00,Great Britain,Hornsea-1,Wind,petroineos,2026-06-05 00:53:48.024861,499.5717589
2024-07-29 00:00:00,Great Britain,Hornsea-1,Wind,petroineos,2026-06-05 00:53:48.024861,891.8117517
2024-07-30 00:00:00,Great Britain,Hornsea-1,Wind,petroineos,2026-06-05 00:53:48.024861,566.6081781
2024-07-31 00:00:00,Great Britain,Hornsea-1,Wind,petroineos,2026-06-05 00:53:48.024861,39.55926829
2024-08-01 00:00:00,Great Britain,Hornsea-1,Wind,petroineos,2026-06-05 00:53:48.024861,408.0701775
2024-08-02 00:00:00,Great Britain,Hornsea-1,Wind,petroineos,2026-06-05 00:53:48.024861,447.2693847
2024-08-03 00:00:00,Great Britain,Hornsea-1,Wind,petroineos,2026-06-05 00:53:48.024861,308.5970709
2024-08-04 00:00:00,Great Britain,Hornsea-1,Wind,petroineos,2026-06-05 00:53:48.024861,6.695016408
2024-08-05 00:00:00,Great Britain,Hornsea-1,Wind,petroineos,2026-06-05 00:53:48.024861,98.70364852
2024-08-06 00:00:00,Great Britain,Hornsea-1,Wind,petroineos,2026-06-05 00:53:48.024861,812.3193273
2024-08-07 00:00:00,Great Britain,Hornsea-1,Wind,petroineos,2026-06-05 00:53:48.024861,465.8576493
2024-08-08 00:00:00,Great Britain,Hornsea-1,Wind,petroineos,2026-06-05 00:53:48.024861,834.0426233
2024-08-09 00:00:00,Great Britain,Hornsea-1,Wind,petroineos,2026-06-05 00:53:48.024861,607.3529329
2024-08-10 00:00:00,Great Britain,Hornsea-1,Wind,petroineos,2026-06-05 00:53:48.024861,760.740948
2024-08-11 00:00:00,Great Britain,Hornsea-1,Wind,petroineos,2026-06-05 00:53:48.024861,571.6716454
2024-08-12 00:00:00,Great Britain,Hornsea-1,Wind,petroineos,2026-06-05 00:53:48.024861,975.6047492
2024-08-13 00:00:00,Great Britain,Hornsea-1,Wind,petroineos,2026-06-05 00:53:48.024861,780.3308207
2024-08-14 00:00:00,Great Britain,Hornsea-1,Wind,petroineos,2026-06-05 00:53:48.024861,904.8650057
2024-08-15 00:00:00,Great Britain,Hornsea-1,Wind,petroineos,2026-06-05 00:53:48.024861,191.7023322
2024-08-16 00:00:00,Great Britain,Hornsea-1,Wind,petroineos,2026-06-05 00:53:48.024861,750.1351958
2024-08-17 00:00:00,Great Britain,Hornsea-1,Wind,petroineos,2026-06-05 00:53:48.024861,944.0927824
2024-08-18 00:00:00,Great Britain,Hornsea-1,Wind,petroineos,2026-06-05 00:53:48.024861,672.8073799
2024-08-19 00:00:00,Great Britain,Hornsea-1,Wind,petroineos,2026-06-05 00:53:48.024861,905.4136256
2024-08-20 00:00:00,Great Britain,Hornsea-1,Wind,petroineos,2026-06-05 00:53:48.024861,309.0213084
2024-08-21 00:00:00,Great Britain,Hornsea-1,Wind,petroineos,2026-06-05 00:53:48.024861,988.3552435
2024-08-22 00:00:00,Great Britain,Hornsea-1,Wind,petroineos,2026-06-05 00:53:48.024861,823.624275
2024-08-23 00:00:00,Great Britain,Hornsea-1,Wind,petroineos,2026-06-05 00:53:48.024861,593.398805
2024-08-24 00:00:00,Great Britain,Hornsea-1,Wind,petroineos,2026-06-05 00:53:48.024861,422.5587761
2024-08-25 00:00:00,Great Britain,Hornsea-1,Wind,petroineos,2026-06-05 00:53:48.024861,834.5156466
2024-08-26 00:00:00,Great Britain,Hornsea-1,Wind,petroineos,2026-06-05 00:53:48.024861,947.1695262
2024-08-27 00:00:00,Great Britain,Hornsea-1,Wind,petroineos,2026-06-05 00:53:48.024861,393.7373699
2024-08-28 00:00:00,Great Britain,Hornsea-1,Wind,petroineos,2026-06-05 00:53:48.024861,404.7068599
2024-08-29 00:00:00,Great Britain,Hornsea-1,Wind,petroineos,2026-06-05 00:53:48.024861,845.2793997
2024-08-30 00:00:00,Great Britain,Hornsea-1,Wind,petroineos,2026-06-05 00:53:48.024861,630.3424034
2024-08-31 00:00:00,Great Britain,Hornsea-1,Wind,petroineos,2026-06-05 00:53:48.024861,821.0979288
2024-09-01 00:00:00,Great Britain,Hornsea-1,Wind,petroineos,2026-06-05 00:53:48.024861,273.1590326
2024-09-02 00:00:00,Great Britain,Hornsea-1,Wind,petroineos,2026-06-05 00:53:48.024861,24.26015911
2024-09-03 00:00:00,Great Britain,Hornsea-1,Wind,petroineos,2026-06-05 00:53:48.024861,415.0891836
2024-09-04 00:00:00,Great Britain,Hornsea-1,Wind,petroineos,2026-06-05 00:53:48.024861,373.7941222
2024-09-05 00:00:00,Great Britain,Hornsea-1,Wind,petroineos,2026-06-05 00:53:48.024861,421.6215747
2024-09-06 00:00:00,Great Britain,Hornsea-1,Wind,petroineos,2026-06-05 00:53:48.024861,157.5949128
2024-09-07 00:00:00,Great Britain,Hornsea-1,Wind,petroineos,2026-06-05 00:53:48.024861,569.5605237
2024-09-08 00:00:00,Great Britain,Hornsea-1,Wind,petroineos,2026-06-05 00:53:48.024861,628.88382
2024-09-09 00:00:00,Great Britain,Hornsea-1,Wind,petroineos,2026-06-05 00:53:48.024861,751.8748474
2024-09-10 00:00:00,Great Britain,Hornsea-1,Wind,petroineos,2026-06-05 00:53:48.024861,656.9052174
2024-09-11 00:00:00,Great Britain,Hornsea-1,Wind,petroineos,2026-06-05 00:53:48.024861,150.4863418
2024-09-12 00:00:00,Great Britain,Hornsea-1,Wind,petroineos,2026-06-05 00:53:48.024861,134.3271165
2024-09-13 00:00:00,Great Britain,Hornsea-1,Wind,petroineos,2026-06-05 00:53:48.024861,464.3943407
2024-09-14 00:00:00,Great Britain,Hornsea-1,Wind,petroineos,2026-06-05 00:53:48.024861,573.6858457
2024-09-15 00:00:00,Great Britain,Hornsea-1,Wind,petroineos,2026-06-05 00:53:48.024861,384.190096
2024-09-16 00:00:00,Great Britain,Hornsea-1,Wind,petroineos,2026-06-05 00:53:48.024861,887.4994959
2024-09-17 00:00:00,Great Britain,Hornsea-1,Wind,petroineos,2026-06-05 00:53:48.024861,895.9785413
2024-09-18 00:00:00,Great Britain,Hornsea-1,Wind,petroineos,2026-06-05 00:53:48.024861,277.0717588
2024-09-19 00:00:00,Great Britain,Hornsea-1,Wind,petroineos,2026-06-05 00:53:48.024861,945.4472249
2024-09-20 00:00:00,Great Britain,Hornsea-1,Wind,petroineos,2026-06-05 00:53:48.024861,585.638556
2024-09-21 00:00:00,Great Britain,Hornsea-1,Wind,petroineos,2026-06-05 00:53:48.024861,187.8339102
2024-09-22 00:00:00,Great Britain,Hornsea-1,Wind,petroineos,2026-06-05 00:53:48.024861,89.81981817
2024-09-23 00:00:00,Great Britain,Hornsea-1,Wind,petroineos,2026-06-05 00:53:48.024861,836.1033045
2024-09-24 00:00:00,Great Britain,Hornsea-1,Wind,petroineos,2026-06-05 00:53:48.024861,287.9754969
2024-09-25 00:00:00,Great Britain,Hornsea-1,Wind,petroineos,2026-06-05 00:53:48.024861,523.9512866
2024-09-26 00:00:00,Great Britain,Hornsea-1,Wind,petroineos,2026-06-05 00:53:48.024861,643.3650567
2024-09-27 00:00:00,Great Britain,Hornsea-1,Wind,petroineos,2026-06-05 00:53:48.024861,316.6639486
2024-09-28 00:00:00,Great Britain,Hornsea-1,Wind,petroineos,2026-06-05 00:53:48.024861,192.4688202
2024-09-29 00:00:00,Great Britain,Hornsea-1,Wind,petroineos,2026-06-05 00:53:48.024861,752.0516621
2024-09-30 00:00:00,Great Britain,Hornsea-1,Wind,petroineos,2026-06-05 00:53:48.024861,841.8616647
2024-10-01 00:00:00,Great Britain,Hornsea-1,Wind,petroineos,2026-06-05 00:53:48.024861,181.3019896
2024-10-02 00:00:00,Great Britain,Hornsea-1,Wind,petroineos,2026-06-05 00:53:48.024861,725.3958868
2024-10-03 00:00:00,Great Britain,Hornsea-1,Wind,petroineos,2026-06-05 00:53:48.024861,343.8374038
2024-10-04 00:00:00,Great Britain,Hornsea-1,Wind,petroineos,2026-06-05 00:53:48.024861,728.5991772
2024-10-05 00:00:00,Great Britain,Hornsea-1,Wind,petroineos,2026-06-05 00:53:48.024861,275.9140645
2024-10-06 00:00:00,Great Britain,Hornsea-1,Wind,petroineos,2026-06-05 00:53:48.024861,750.8187548
2024-10-07 00:00:00,Great Britain,Hornsea-1,Wind,petroineos,2026-06-05 00:53:48.024861,120.57687
2024-10-08 00:00:00,Great Britain,Hornsea-1,Wind,petroineos,2026-06-05 00:53:48.024861,807.3302988
2024-10-09 00:00:00,Great Britain,Hornsea-1,Wind,petroineos,2026-06-05 00:53:48.024861,990.9856469
2024-10-10 00:00:00,Great Britain,Hornsea-1,Wind,petroineos,2026-06-05 00:53:48.024861,818.9368261
2024-10-11 00:00:00,Great Britain,Hornsea-1,Wind,petroineos,2026-06-05 00:53:48.024861,859.8599374
2024-10-12 00:00:00,Great Britain,Hornsea-1,Wind,petroineos,2026-06-05 00:53:48.024861,266.4759876
2024-10-13 00:00:00,Great Britain,Hornsea-1,Wind,petroineos,2026-06-05 00:53:48.024861,802.7708607
2024-10-14 00:00:00,Great Britain,Hornsea-1,Wind,petroineos,2026-06-05 00:53:48.024861,626.0551539
2024-10-15 00:00:00,Great Britain,Hornsea-1,Wind,petroineos,2026-06-05 00:53:48.024861,711.2599058
2024-10-16 00:00:00,Great Britain,Hornsea-1,Wind,petroineos,2026-06-05 00:53:48.024861,753.089187
2024-10-17 00:00:00,Great Britain,Hornsea-1,Wind,petroineos,2026-06-05 00:53:48.024861,432.3110044
2024-10-18 00:00:00,Great Britain,Hornsea-1,Wind,petroineos,2026-06-05 00:53:48.024861,264.4233891
2024-10-19 00:00:00,Great Britain,Hornsea-1,Wind,petroineos,2026-06-05 00:53:48.024861,495.6624332
2024-10-20 00:00:00,Great Britain,Hornsea-1,Wind,petroineos,2026-06-05 00:53:48.024861,308.0809524
2024-10-21 00:00:00,Great Britain,Hornsea-1,Wind,petroineos,2026-06-05 00:53:48.024861,95.17869089
2024-10-22 00:00:00,Great Britain,Hornsea-1,Wind,petroineos,2026-06-05 00:53:48.024861,651.2465617
2024-10-23 00:00:00,Great Britain,Hornsea-1,Wind,petroineos,2026-06-05 00:53:48.024861,693.0899327
2024-10-24 00:00:00,Great Britain,Hornsea-1,Wind,petroineos,2026-06-05 00:53:48.024861,774.3519413
2024-10-25 00:00:00,Great Britain,Hornsea-1,Wind,petroineos,2026-06-05 00:53:48.024861,564.2432187
2024-10-26 00:00:00,Great Britain,Hornsea-1,Wind,petroineos,2026-06-05 00:53:48.024861,424.8483491
2024-10-27 00:00:00,Great Britain,Hornsea-1,Wind,petroineos,2026-06-05 00:53:48.024861,215.5163171
2024-10-28 00:00:00,Great Britain,Hornsea-1,Wind,petroineos,2026-06-05 00:53:48.024861,821.9968895
2024-10-29 00:00:00,Great Britain,Hornsea-1,Wind,petroineos,2026-06-05 00:53:48.024861,75.91716798
2024-10-30 00:00:00,Great Britain,Hornsea-1,Wind,petroineos,2026-06-05 00:53:48.024861,169.987243
2024-10-31 00:00:00,Great Britain,Hornsea-1,Wind,petroineos,2026-06-05 00:53:48.024861,515.9646191
2024-11-01 00:00:00,Great Britain,Hornsea-1,Wind,petroineos,2026-06-05 00:53:48.024861,910.147904
2024-11-02 00:00:00,Great Britain,Hornsea-1,Wind,petroineos,2026-06-05 00:53:48.024861,879.7361942
2024-11-03 00:00:00,Great Britain,Hornsea-1,Wind,petroineos,2026-06-05 00:53:48.024861,590.1002412
2024-11-04 00:00:00,Great Britain,Hornsea-1,Wind,petroineos,2026-06-05 00:53:48.024861,646.5786194
2024-11-05 00:00:00,Great Britain,Hornsea-1,Wind,petroineos,2026-06-05 00:53:48.024861,168.7763114
2024-11-06 00:00:00,Great Britain,Hornsea-1,Wind,petroineos,2026-06-05 00:53:48.024861,759.522864
2024-11-07 00:00:00,Great Britain,Hornsea-1,Wind,petroineos,2026-06-05 00:53:48.024861,215.9344942
2024-11-08 00:00:00,Great Britain,Hornsea-1,Wind,petroineos,2026-06-05 00:53:48.024861,342.7450923
2024-11-09 00:00:00,Great Britain,Hornsea-1,Wind,petroineos,2026-06-05 00:53:48.024861,149.454041
2024-11-10 00:00:00,Great Britain,Hornsea-1,Wind,petroineos,2026-06-05 00:53:48.024861,660.7239791
2024-11-11 00:00:00,Great Britain,Hornsea-1,Wind,petroineos,2026-06-05 00:53:48.024861,23.54748283
2024-11-12 00:00:00,Great Britain,Hornsea-1,Wind,petroineos,2026-06-05 00:53:48.024861,577.9046945
2024-11-13 00:00:00,Great Britain,Hornsea-1,Wind,petroineos,2026-06-05 00:53:48.024861,396.7048622
2024-11-14 00:00:00,Great Britain,Hornsea-1,Wind,petroineos,2026-06-05 00:53:48.024861,679.0801381
2024-11-15 00:00:00,Great Britain,Hornsea-1,Wind,petroineos,2026-06-05 00:53:48.024861,10.15330495
2024-11-16 00:00:00,Great Britain,Hornsea-1,Wind,petroineos,2026-06-05 00:53:48.024861,835.7333018
2024-11-17 00:00:00,Great Britain,Hornsea-1,Wind,petroineos,2026-06-05 00:53:48.024861,857.3764329
2024-11-18 00:00:00,Great Britain,Hornsea-1,Wind,petroineos,2026-06-05 00:53:48.024861,58.43232125
2024-11-19 00:00:00,Great Britain,Hornsea-1,Wind,petroineos,2026-06-05 00:53:48.024861,471.0159554
2024-11-20 00:00:00,Great Britain,Hornsea-1,Wind,petroineos,2026-06-05 00:53:48.024861,702.4520922
2024-11-21 00:00:00,Great Britain,Hornsea-1,Wind,petroineos,2026-06-05 00:53:48.024861,613.3515684
2024-11-22 00:00:00,Great Britain,Hornsea-1,Wind,petroineos,2026-06-05 00:53:48.024861,134.2579253
2024-11-23 00:00:00,Great Britain,Hornsea-1,Wind,petroineos,2026-06-05 00:53:48.024861,845.6161963
2024-11-24 00:00:00,Great Britain,Hornsea-1,Wind,petroineos,2026-06-05 00:53:48.024861,958.6173727
2024-11-25 00:00:00,Great Britain,Hornsea-1,Wind,petroineos,2026-06-05 00:53:48.024861,715.8186461
2024-11-26 00:00:00,Great Britain,Hornsea-1,Wind,petroineos,2026-06-05 00:53:48.024861,356.9848293
2024-11-27 00:00:00,Great Britain,Hornsea-1,Wind,petroineos,2026-06-05 00:53:48.024861,940.1572202
2024-11-28 00:00:00,Great Britain,Hornsea-1,Wind,petroineos,2026-06-05 00:53:48.024861,655.4345608
2024-11-29 00:00:00,Great Britain,Hornsea-1,Wind,petroineos,2026-06-05 00:53:48.024861,216.3085855
2024-11-30 00:00:00,Great Britain,Hornsea-1,Wind,petroineos,2026-06-05 00:53:48.024861,128.6429412
2024-12-01 00:00:00,Great Britain,Hornsea-1,Wind,petroineos,2026-06-05 00:53:48.024861,200.2554154
2024-12-02 00:00:00,Great Britain,Hornsea-1,Wind,petroineos,2026-06-05 00:53:48.024861,542.5803709
2024-12-03 00:00:00,Great Britain,Hornsea-1,Wind,petroineos,2026-06-05 00:53:48.024861,502.6441211
2024-12-04 00:00:00,Great Britain,Hornsea-1,Wind,petroineos,2026-06-05 00:53:48.024861,94.11942819
2024-12-05 00:00:00,Great Britain,Hornsea-1,Wind,petroineos,2026-06-05 00:53:48.024861,349.3477693
2024-12-06 00:00:00,Great Britain,Hornsea-1,Wind,petroineos,2026-06-05 00:53:48.024861,17.54180798
2024-12-07 00:00:00,Great Britain,Hornsea-1,Wind,petroineos,2026-06-05 00:53:48.024861,242.6867345
2024-12-08 00:00:00,Great Britain,Hornsea-1,Wind,petroineos,2026-06-05 00:53:48.024861,844.4929699
2024-12-09 00:00:00,Great Britain,Hornsea-1,Wind,petroineos,2026-06-05 00:53:48.024861,13.76716977
2024-12-10 00:00:00,Great Britain,Hornsea-1,Wind,petroineos,2026-06-05 00:53:48.024861,601.9155411
2024-12-11 00:00:00,Great Britain,Hornsea-1,Wind,petroineos,2026-06-05 00:53:48.024861,57.21050477
2024-12-12 00:00:00,Great Britain,Hornsea-1,Wind,petroineos,2026-06-05 00:53:48.024861,344.8401026
2024-12-13 00:00:00,Great Britain,Hornsea-1,Wind,petroineos,2026-06-05 00:53:48.024861,779.8005967
2024-12-14 00:00:00,Great Britain,Hornsea-1,Wind,petroineos,2026-06-05 00:53:48.024861,174.8492491
2024-12-15 00:00:00,Great Britain,Hornsea-1,Wind,petroineos,2026-06-05 00:53:48.024861,888.1353394
2024-12-16 00:00:00,Great Britain,Hornsea-1,Wind,petroineos,2026-06-05 00:53:48.024861,4.362489102
2024-12-17 00:00:00,Great Britain,Hornsea-1,Wind,petroineos,2026-06-05 00:53:48.024861,400.3595456
2024-12-18 00:00:00,Great Britain,Hornsea-1,Wind,petroineos,2026-06-05 00:53:48.024861,267.742551
2024-12-19 00:00:00,Great Britain,Hornsea-1,Wind,petroineos,2026-06-05 00:53:48.024861,47.90748781
2024-12-20 00:00:00,Great Britain,Hornsea-1,Wind,petroineos,2026-06-05 00:53:48.024861,948.6317473
2024-12-21 00:00:00,Great Britain,Hornsea-1,Wind,petroineos,2026-06-05 00:53:48.024861,498.6929281
2024-12-22 00:00:00,Great Britain,Hornsea-1,Wind,petroineos,2026-06-05 00:53:48.024861,508.3359479
2024-12-23 00:00:00,Great Britain,Hornsea-1,Wind,petroineos,2026-06-05 00:53:48.024861,99.11583
2024-12-24 00:00:00,Great Britain,Hornsea-1,Wind,petroineos,2026-06-05 00:53:48.024861,50.58298114
2024-12-25 00:00:00,Great Britain,Hornsea-1,Wind,petroineos,2026-06-05 00:53:48.024861,446.9830754
2024-12-26 00:00:00,Great Britain,Hornsea-1,Wind,petroineos,2026-06-05 00:53:48.024861,767.1448287
2024-12-27 00:00:00,Great Britain,Hornsea-1,Wind,petroineos,2026-06-05 00:53:48.024861,167.3134401
2024-12-28 00:00:00,Great Britain,Hornsea-1,Wind,petroineos,2026-06-05 00:53:48.024861,796.6859672
2024-12-29 00:00:00,Great Britain,Hornsea-1,Wind,petroineos,2026-06-05 00:53:48.024861,546.1108186
2024-12-30 00:00:00,Great Britain,Hornsea-1,Wind,petroineos,2026-06-05 00:53:48.024861,727.8012142
2024-12-31 00:00:00,Great Britain,Hornsea-1,Wind,petroineos,2026-06-05 00:53:48.024861,302.1690338
2025-01-01 00:00:00,Great Britain,Hornsea-1,Wind,petroineos,2026-06-05 00:53:48.024861,158.7035617
2025-01-02 00:00:00,Great Britain,Hornsea-1,Wind,petroineos,2026-06-05 00:53:48.024861,450.0280415
2025-01-03 00:00:00,Great Britain,Hornsea-1,Wind,petroineos,2026-06-05 00:53:48.024861,401.1065042
2025-01-04 00:00:00,Great Britain,Hornsea-1,Wind,petroineos,2026-06-05 00:53:48.024861,835.8988778
2025-01-05 00:00:00,Great Britain,Hornsea-1,Wind,petroineos,2026-06-05 00:53:48.024861,592.9701317
2025-01-06 00:00:00,Great Britain,Hornsea-1,Wind,petroineos,2026-06-05 00:53:48.024861,658.4689657
2025-01-07 00:00:00,Great Britain,Hornsea-1,Wind,petroineos,2026-06-05 00:53:48.024861,310.5063394
2025-01-08 00:00:00,Great Britain,Hornsea-1,Wind,petroineos,2026-06-05 00:53:48.024861,850.0423588
2025-01-09 00:00:00,Great Britain,Hornsea-1,Wind,petroineos,2026-06-05 00:53:48.024861,721.313705
2025-01-10 00:00:00,Great Britain,Hornsea-1,Wind,petroineos,2026-06-05 00:53:48.024861,703.4330106
2025-01-11 00:00:00,Great Britain,Hornsea-1,Wind,petroineos,2026-06-05 00:53:48.024861,503.2789266
2025-01-12 00:00:00,Great Britain,Hornsea-1,Wind,petroineos,2026-06-05 00:53:48.024861,585.5173323
2025-01-13 00:00:00,Great Britain,Hornsea-1,Wind,petroineos,2026-06-05 00:53:48.024861,443.2204042
2025-01-14 00:00:00,Great Britain,Hornsea-1,Wind,petroineos,2026-06-05 00:53:48.024861,401.4518749
2025-01-15 00:00:00,Great Britain,Hornsea-1,Wind,petroineos,2026-06-05 00:53:48.024861,209.3636535
2025-01-16 00:00:00,Great Britain,Hornsea-1,Wind,petroineos,2026-06-05 00:53:48.024861,864.0566056
2025-01-17 00:00:00,Great Britain,Hornsea-1,Wind,petroineos,2026-06-05 00:53:48.024861,8.661232353
2025-01-18 00:00:00,Great Britain,Hornsea-1,Wind,petroineos,2026-06-05 00:53:48.024861,764.9519002
2025-01-19 00:00:00,Great Britain,Hornsea-1,Wind,petroineos,2026-06-05 00:53:48.024861,540.2710408
2025-01-20 00:00:00,Great Britain,Hornsea-1,Wind,petroineos,2026-06-05 00:53:48.024861,944.1242803
2025-01-21 00:00:00,Great Britain,Hornsea-1,Wind,petroineos,2026-06-05 00:53:48.024861,441.5940271
2025-01-22 00:00:00,Great Britain,Hornsea-1,Wind,petroineos,2026-06-05 00:53:48.024861,765.8591096
2025-01-23 00:00:00,Great Britain,Hornsea-1,Wind,petroineos,2026-06-05 00:53:48.024861,320.9373099
2025-01-24 00:00:00,Great Britain,Hornsea-1,Wind,petroineos,2026-06-05 00:53:48.024861,134.692085
2025-01-25 00:00:00,Great Britain,Hornsea-1,Wind,petroineos,2026-06-05 00:53:48.024861,749.2227132
2025-01-26 00:00:00,Great Britain,Hornsea-1,Wind,petroineos,2026-06-05 00:53:48.024861,563.0889323
2025-01-27 00:00:00,Great Britain,Hornsea-1,Wind,petroineos,2026-06-05 00:53:48.024861,716.9749177
2025-01-28 00:00:00,Great Britain,Hornsea-1,Wind,petroineos,2026-06-05 00:53:48.024861,371.9619138
2025-01-29 00:00:00,Great Britain,Hornsea-1,Wind,petroineos,2026-06-05 00:53:48.024861,213.8473004
2025-01-30 00:00:00,Great Britain,Hornsea-1,Wind,petroineos,2026-06-05 00:53:48.024861,700.1156688
2025-01-31 00:00:00,Great Britain,Hornsea-1,Wind,petroineos,2026-06-05 00:53:48.024861,253.1308041
2025-02-01 00:00:00,Great Britain,Hornsea-1,Wind,petroineos,2026-06-05 00:53:48.024861,535.8874287
2025-02-02 00:00:00,Great Britain,Hornsea-1,Wind,petroineos,2026-06-05 00:53:48.024861,355.5576436
2025-02-03 00:00:00,Great Britain,Hornsea-1,Wind,petroineos,2026-06-05 00:53:48.024861,728.0757602
2025-02-04 00:00:00,Great Britain,Hornsea-1,Wind,petroineos,2026-06-05 00:53:48.024861,406.3830395
2025-02-05 00:00:00,Great Britain,Hornsea-1,Wind,petroineos,2026-06-05 00:53:48.024861,947.2724751
2025-02-06 00:00:00,Great Britain,Hornsea-1,Wind,petroineos,2026-06-05 00:53:48.024861,289.6618711
2025-02-07 00:00:00,Great Britain,Hornsea-1,Wind,petroineos,2026-06-05 00:53:48.024861,221.0476732
2025-02-08 00:00:00,Great Britain,Hornsea-1,Wind,petroineos,2026-06-05 00:53:48.024861,204.2951
2025-02-09 00:00:00,Great Britain,Hornsea-1,Wind,petroineos,2026-06-05 00:53:48.024861,61.19720392
2025-02-10 00:00:00,Great Britain,Hornsea-1,Wind,petroineos,2026-06-05 00:53:48.024861,909.5466509
2025-02-11 00:00:00,Great Britain,Hornsea-1,Wind,petroineos,2026-06-05 00:53:48.024861,426.0437946
2025-02-12 00:00:00,Great Britain,Hornsea-1,Wind,petroineos,2026-06-05 00:53:48.024861,775.3237024
2025-02-13 00:00:00,Great Britain,Hornsea-1,Wind,petroineos,2026-06-05 00:53:48.024861,760.5244697
2025-02-14 00:00:00,Great Britain,Hornsea-1,Wind,petroineos,2026-06-05 00:53:48.024861,127.0210601
2025-02-15 00:00:00,Great Britain,Hornsea-1,Wind,petroineos,2026-06-05 00:53:48.024861,931.6784437
2025-02-16 00:00:00,Great Britain,Hornsea-1,Wind,petroineos,2026-06-05 00:53:48.024861,664.6640289
2025-02-17 00:00:00,Great Britain,Hornsea-1,Wind,petroineos,2026-06-05 00:53:48.024861,949.5987334
2025-02-18 00:00:00,Great Britain,Hornsea-1,Wind,petroineos,2026-06-05 00:53:48.024861,189.5264558
2025-02-19 00:00:00,Great Britain,Hornsea-1,Wind,petroineos,2026-06-05 00:53:48.024861,975.0222661
2025-02-20 00:00:00,Great Britain,Hornsea-1,Wind,petroineos,2026-06-05 00:53:48.024861,632.9686122
2025-02-21 00:00:00,Great Britain,Hornsea-1,Wind,petroineos,2026-06-05 00:53:48.024861,810.2710951
2025-02-22 00:00:00,Great Britain,Hornsea-1,Wind,petroineos,2026-06-05 00:53:48.024861,747.4486028
2025-02-23 00:00:00,Great Britain,Hornsea-1,Wind,petroineos,2026-06-05 00:53:48.024861,362.7846699
2025-02-24 00:00:00,Great Britain,Hornsea-1,Wind,petroineos,2026-06-05 00:53:48.024861,326.3394814
2025-02-25 00:00:00,Great Britain,Hornsea-1,Wind,petroineos,2026-06-05 00:53:48.024861,93.8608524
2025-02-26 00:00:00,Great Britain,Hornsea-1,Wind,petroineos,2026-06-05 00:53:48.024861,188.2832195
2025-02-27 00:00:00,Great Britain,Hornsea-1,Wind,petroineos,2026-06-05 00:53:48.024861,692.5478914
2025-02-28 00:00:00,Great Britain,Hornsea-1,Wind,petroineos,2026-06-05 00:53:48.024861,247.1409668
2025-03-01 00:00:00,Great Britain,Hornsea-1,Wind,petroineos,2026-06-05 00:53:48.024861,687.0882595
2025-03-02 00:00:00,Great Britain,Hornsea-1,Wind,petroineos,2026-06-05 00:53:48.024861,450.9573558
2025-03-03 00:00:00,Great Britain,Hornsea-1,Wind,petroineos,2026-06-05 00:53:48.024861,145.2362004
2025-03-04 00:00:00,Great Britain,Hornsea-1,Wind,petroineos,2026-06-05 00:53:48.024861,554.4635655
2025-03-05 00:00:00,Great Britain,Hornsea-1,Wind,petroineos,2026-06-05 00:53:48.024861,0.0
2025-03-06 00:00:00,Great Britain,Hornsea-1,Wind,petroineos,2026-06-05 00:53:48.024861,328.0702
2025-03-07 00:00:00,Great Britain,Hornsea-1,Wind,petroineos,2026-06-05 00:53:48.024861,167.4199017
2025-03-08 00:00:00,Great Britain,Hornsea-1,Wind,petroineos,2026-06-05 00:53:48.024861,698.2547517
2025-03-09 00:00:00,Great Britain,Hornsea-1,Wind,petroineos,2026-06-05 00:53:48.024861,445.2617969
2025-03-10 00:00:00,Great Britain,Hornsea-1,Wind,petroineos,2026-06-05 00:53:48.024861,819.6163675
2025-03-11 00:00:00,Great Britain,Hornsea-1,Wind,petroineos,2026-06-05 00:53:48.024861,301.8312826
2025-03-12 00:00:00,Great Britain,Hornsea-1,Wind,petroineos,2026-06-05 00:53:48.024861,327.5683712
2025-03-13 00:00:00,Great Britain,Hornsea-1,Wind,petroineos,2026-06-05 00:53:48.024861,560.4321501
2025-03-14 00:00:00,Great Britain,Hornsea-1,Wind,petroineos,2026-06-05 00:53:48.024861,415.4001124
2025-03-15 00:00:00,Great Britain,Hornsea-1,Wind,petroineos,2026-06-05 00:53:48.024861,973.0845245
2025-03-16 00:00:00,Great Britain,Hornsea-1,Wind,petroineos,2026-06-05 00:53:48.024861,294.7442216
2025-03-17 00:00:00,Great Britain,Hornsea-1,Wind,petroineos,2026-06-05 00:53:48.024861,539.8607695
2025-03-18 00:00:00,Great Britain,Hornsea-1,Wind,petroineos,2026-06-05 00:53:48.024861,114.2866098
2025-03-19 00:00:00,Great Britain,Hornsea-1,Wind,petroineos,2026-06-05 00:53:48.024861,975.3537656
2025-03-20 00:00:00,Great Britain,Hornsea-1,Wind,petroineos,2026-06-05 00:53:48.024861,193.6444747
2025-03-21 00:00:00,Great Britain,Hornsea-1,Wind,petroineos,2026-06-05 00:53:48.024861,898.1917851
2025-03-22 00:00:00,Great Britain,Hornsea-1,Wind,petroineos,2026-06-05 00:53:48.024861,440.5623786
2025-03-23 00:00:00,Great Britain,Hornsea-1,Wind,petroineos,2026-06-05 00:53:48.024861,38.2461569
2025-03-24 00:00:00,Great Britain,Hornsea-1,Wind,petroineos,2026-06-05 00:53:48.024861,682.5199527
2025-03-25 00:00:00,Great Britain,Hornsea-1,Wind,petroineos,2026-06-05 00:53:48.024861,631.3674515
2025-03-26 00:00:00,Great Britain,Hornsea-1,Wind,petroineos,2026-06-05 00:53:48.024861,869.3748003
2025-03-27 00:00:00,Great Britain,Hornsea-1,Wind,petroineos,2026-06-05 00:53:48.024861,530.6728673
2025-03-28 00:00:00,Great Britain,Hornsea-1,Wind,petroineos,2026-06-05 00:53:48.024861,446.8926622
2025-03-29 00:00:00,Great Britain,Hornsea-1,Wind,petroineos,2026-06-05 00:53:48.024861,785.4974742
2025-03-30 00:00:00,Great Britain,Hornsea-1,Wind,petroineos,2026-06-05 00:53:48.024861,0.0
2025-03-31 00:00:00,Great Britain,Hornsea-1,Wind,petroineos,2026-06-05 00:53:48.024861,927.9922448
2025-04-01 00:00:00,Great Britain,Hornsea-1,Wind,petroineos,2026-06-05 00:53:48.024861,999.6974955
2025-04-02 00:00:00,Great Britain,Hornsea-1,Wind,petroineos,2026-06-05 00:53:48.024861,491.6372436
2025-04-03 00:00:00,Great Britain,Hornsea-1,Wind,petroineos,2026-06-05 00:53:48.024861,690.2401927
2025-04-04 00:00:00,Great Britain,Hornsea-1,Wind,petroineos,2026-06-05 00:53:48.024861,368.3462865
2025-04-05 00:00:00,Great Britain,Hornsea-1,Wind,petroineos,2026-06-05 00:53:48.024861,844.2810735
2025-04-06 00:00:00,Great Britain,Hornsea-1,Wind,petroineos,2026-06-05 00:53:48.024861,146.3377723
2025-04-07 00:00:00,Great Britain,Hornsea-1,Wind,petroineos,2026-06-05 00:53:48.024861,150.2457996
2025-04-08 00:00:00,Great Britain,Hornsea-1,Wind,petroineos,2026-06-05 00:53:48.024861,429.8082196
2025-04-09 00:00:00,Great Britain,Hornsea-1,Wind,petroineos,2026-06-05 00:53:48.024861,664.1529795
2025-04-10 00:00:00,Great Britain,Hornsea-1,Wind,petroineos,2026-06-05 00:53:48.024861,209.5268529
2025-04-11 00:00:00,Great Britain,Hornsea-1,Wind,petroineos,2026-06-05 00:53:48.024861,524.5408573
2025-04-12 00:00:00,Great Britain,Hornsea-1,Wind,petroineos,2026-06-05 00:53:48.024861,157.6280239
2025-04-13 00:00:00,Great Britain,Hornsea-1,Wind,petroineos,2026-06-05 00:53:48.024861,274.7663463
2025-04-14 00:00:00,Great Britain,Hornsea-1,Wind,petroineos,2026-06-05 00:53:48.024861,366.9363411
2025-04-15 00:00:00,Great Britain,Hornsea-1,Wind,petroineos,2026-06-05 00:53:48.024861,406.3415112
2025-04-16 00:00:00,Great Britain,Hornsea-1,Wind,petroineos,2026-06-05 00:53:48.024861,684.5079361
2025-04-17 00:00:00,Great Britain,Hornsea-1,Wind,petroineos,2026-06-05 00:53:48.024861,648.0985325
2025-04-18 00:00:00,Great Britain,Hornsea-1,Wind,petroineos,2026-06-05 00:53:48.024861,18.72017093
2025-04-19 00:00:00,Great Britain,Hornsea-1,Wind,petroineos,2026-06-05 00:53:48.024861,105.6756235
2025-04-20 00:00:00,Great Britain,Hornsea-1,Wind,petroineos,2026-06-05 00:53:48.024861,459.3198351
2025-04-21 00:00:00,Great Britain,Hornsea-1,Wind,petroineos,2026-06-05 00:53:48.024861,228.151737
2025-04-22 00:00:00,Great Britain,Hornsea-1,Wind,petroineos,2026-06-05 00:53:48.024861,330.3493251
2025-04-23 00:00:00,Great Britain,Hornsea-1,Wind,petroineos,2026-06-05 00:53:48.024861,299.3661281
2025-04-24 00:00:00,Great Britain,Hornsea-1,Wind,petroineos,2026-06-05 00:53:48.024861,969.2954036
2025-04-25 00:00:00,Great Britain,Hornsea-1,Wind,petroineos,2026-06-05 00:53:48.024861,849.8791874
2024-01-01 00:00:00,Great Britain,Hornsea-2,Wind,petroineos,2026-06-05 00:53:48.024861,85.60342828
2024-01-02 00:00:00,Great Britain,Hornsea-2,Wind,petroineos,2026-06-05 00:53:48.024861,379.7822219
2024-01-03 00:00:00,Great Britain,Hornsea-2,Wind,petroineos,2026-06-05 00:53:48.024861,260.832893
2024-01-04 00:00:00,Great Britain,Hornsea-2,Wind,petroineos,2026-06-05 00:53:48.024861,0.0
2024-01-05 00:00:00,Great Britain,Hornsea-2,Wind,petroineos,2026-06-05 00:53:48.024861,0.0
2024-01-06 00:00:00,Great Britain,Hornsea-2,Wind,petroineos,2026-06-05 00:53:48.024861,521.654297
2024-01-07 00:00:00,Great Britain,Hornsea-2,Wind,petroineos,2026-06-05 00:53:48.024861,476.9700995
2024-01-08 00:00:00,Great Britain,Hornsea-2,Wind,petroineos,2026-06-05 00:53:48.024861,853.0502171
2024-01-09 00:00:00,Great Britain,Hornsea-2,Wind,petroineos,2026-06-05 00:53:48.024861,353.8227219
2024-01-10 00:00:00,Great Britain,Hornsea-2,Wind,petroineos,2026-06-05 00:53:48.024861,381.8532617
2024-01-11 00:00:00,Great Britain,Hornsea-2,Wind,petroineos,2026-06-05 00:53:48.024861,258.9121837
2024-01-12 00:00:00,Great Britain,Hornsea-2,Wind,petroineos,2026-06-05 00:53:48.024861,631.6111419
2024-01-13 00:00:00,Great Britain,Hornsea-2,Wind,petroineos,2026-06-05 00:53:48.024861,892.3861654
2024-01-14 00:00:00,Great Britain,Hornsea-2,Wind,petroineos,2026-06-05 00:53:48.024861,408.9103229
2024-01-15 00:00:00,Great Britain,Hornsea-2,Wind,petroineos,2026-06-05 00:53:48.024861,566.7478953
2024-01-16 00:00:00,Great Britain,Hornsea-2,Wind,petroineos,2026-06-05 00:53:48.024861,531.1907346
2024-01-17 00:00:00,Great Britain,Hornsea-2,Wind,petroineos,2026-06-05 00:53:48.024861,275.2458937
2024-01-18 00:00:00,Great Britain,Hornsea-2,Wind,petroineos,2026-06-05 00:53:48.024861,442.5881167
2024-01-19 00:00:00,Great Britain,Hornsea-2,Wind,petroineos,2026-06-05 00:53:48.024861,820.5583359
2024-01-20 00:00:00,Great Britain,Hornsea-2,Wind,petroineos,2026-06-05 00:53:48.024861,786.4904191
2024-01-21 00:00:00,Great Britain,Hornsea-2,Wind,petroineos,2026-06-05 00:53:48.024861,491.3049929
2024-01-22 00:00:00,Great Britain,Hornsea-2,Wind,petroineos,2026-06-05 00:53:48.024861,270.6201072
2024-01-23 00:00:00,Great Britain,Hornsea-2,Wind,petroineos,2026-06-05 00:53:48.024861,94.18345384
2024-01-24 00:00:00,Great Britain,Hornsea-2,Wind,petroineos,2026-06-05 00:53:48.024861,458.764209
2024-01-25 00:00:00,Great Britain,Hornsea-2,Wind,petroineos,2026-06-05 00:53:48.024861,116.3026079
2024-01-26 00:00:00,Great Britain,Hornsea-2,Wind,petroineos,2026-06-05 00:53:48.024861,558.1351107
2024-01-27 00:00:00,Great Britain,Hornsea-2,Wind,petroineos,2026-06-05 00:53:48.024861,593.8729152
2024-01-28 00:00:00,Great Britain,Hornsea-2,Wind,petroineos,2026-06-05 00:53:48.024861,125.8344082
2024-01-29 00:00:00,Great Britain,Hornsea-2,Wind,petroineos,2026-06-05 00:53:48.024861,425.575702
2024-01-30 00:00:00,Great Britain,Hornsea-2,Wind,petroineos,2026-06-05 00:53:48.024861,375.6740994
2024-01-31 00:00:00,Great Britain,Hornsea-2,Wind,petroineos,2026-06-05 00:53:48.024861,350.8577315
2024-02-01 00:00:00,Great Britain,Hornsea-2,Wind,petroineos,2026-06-05 00:53:48.024861,133.2142362
2024-02-02 00:00:00,Great Britain,Hornsea-2,Wind,petroineos,2026-06-05 00:53:48.024861,244.8115306
2024-02-03 00:00:00,Great Britain,Hornsea-2,Wind,petroineos,2026-06-05 00:53:48.024861,359.7634625
2024-02-04 00:00:00,Great Britain,Hornsea-2,Wind,petroineos,2026-06-05 00:53:48.024861,807.4361658
2024-02-05 00:00:00,Great Britain,Hornsea-2,Wind,petroineos,2026-06-05 00:53:48.024861,732.6255927
2024-02-06 00:00:00,Great Britain,Hornsea-2,Wind,petroineos,2026-06-05 00:53:48.024861,196.3304748
2024-02-07 00:00:00,Great Britain,Hornsea-2,Wind,petroineos,2026-06-05 00:53:48.024861,380.6287002
2024-02-08 00:00:00,Great Britain,Hornsea-2,Wind,petroineos,2026-06-05 00:53:48.024861,542.1289554
2024-02-09 00:00:00,Great Britain,Hornsea-2,Wind,petroineos,2026-06-05 00:53:48.024861,48.12538453
2024-02-10 00:00:00,Great Britain,Hornsea-2,Wind,petroineos,2026-06-05 00:53:48.024861,35.73395383
2024-02-11 00:00:00,Great Britain,Hornsea-2,Wind,petroineos,2026-06-05 00:53:48.024861,276.4523981
2024-02-12 00:00:00,Great Britain,Hornsea-2,Wind,petroineos,2026-06-05 00:53:48.024861,369.849217
2024-02-13 00:00:00,Great Britain,Hornsea-2,Wind,petroineos,2026-06-05 00:53:48.024861,994.6185122
2024-02-14 00:00:00,Great Britain,Hornsea-2,Wind,petroineos,2026-06-05 00:53:48.024861,248.9246671
2024-02-15 00:00:00,Great Britain,Hornsea-2,Wind,petroineos,2026-06-05 00:53:48.024861,974.6391411
2024-02-16 00:00:00,Great Britain,Hornsea-2,Wind,petroineos,2026-06-05 00:53:48.024861,900.6069641
2024-02-17 00:00:00,Great Britain,Hornsea-2,Wind,petroineos,2026-06-05 00:53:48.024861,652.6453236
2024-02-18 00:00:00,Great Britain,Hornsea-2,Wind,petroineos,2026-06-05 00:53:48.024861,262.7488098
2024-02-19 00:00:00,Great Britain,Hornsea-2,Wind,petroineos,2026-06-05 00:53:48.024861,149.8941437
2024-02-20 00:00:00,Great Britain,Hornsea-2,Wind,petroineos,2026-06-05 00:53:48.024861,137.9992491
2024-02-21 00:00:00,Great Britain,Hornsea-2,Wind,petroineos,2026-06-05 00:53:48.024861,208.2022645
2024-02-22 00:00:00,Great Britain,Hornsea-2,Wind,petroineos,2026-06-05 00:53:48.024861,645.751122
2024-02-23 00:00:00,Great Britain,Hornsea-2,Wind,petroineos,2026-06-05 00:53:48.024861,87.50941771
2024-02-24 00:00:00,Great Britain,Hornsea-2,Wind,petroineos,2026-06-05 00:53:48.024861,886.3052849
2024-02-25 00:00:00,Great Britain,Hornsea-2,Wind,petroineos,2026-06-05 00:53:48.024861,478.318429
2024-02-26 00:00:00,Great Britain,Hornsea-2,Wind,petroineos,2026-06-05 00:53:48.024861,181.6322342
2024-02-27 00:00:00,Great Britain,Hornsea-2,Wind,petroineos,2026-06-05 00:53:48.024861,161.6344085
2024-02-28 00:00:00,Great Britain,Hornsea-2,Wind,petroineos,2026-06-05 00:53:48.024861,951.0601868
2024-02-29 00:00:00,Great Britain,Hornsea-2,Wind,petroineos,2026-06-05 00:53:48.024861,649.5780425
2024-03-01 00:00:00,Great Britain,Hornsea-2,Wind,petroineos,2026-06-05 00:53:48.024861,606.6420194
2024-03-02 00:00:00,Great Britain,Hornsea-2,Wind,petroineos,2026-06-05 00:53:48.024861,766.9444882
2024-03-03 00:00:00,Great Britain,Hornsea-2,Wind,petroineos,2026-06-05 00:53:48.024861,341.3396696
2024-03-04 00:00:00,Great Britain,Hornsea-2,Wind,petroineos,2026-06-05 00:53:48.024861,274.030622
2024-03-05 00:00:00,Great Britain,Hornsea-2,Wind,petroineos,2026-06-05 00:53:48.024861,920.437886
2024-03-06 00:00:00,Great Britain,Hornsea-2,Wind,petroineos,2026-06-05 00:53:48.024861,204.5166774
2024-03-07 00:00:00,Great Britain,Hornsea-2,Wind,petroineos,2026-06-05 00:53:48.024861,894.2499142
2024-03-08 00:00:00,Great Britain,Hornsea-2,Wind,petroineos,2026-06-05 00:53:48.024861,926.3474371
2024-03-09 00:00:00,Great Britain,Hornsea-2,Wind,petroineos,2026-06-05 00:53:48.024861,432.5773228
2024-03-10 00:00:00,Great Britain,Hornsea-2,Wind,petroineos,2026-06-05 00:53:48.024861,546.5110514
2024-03-11 00:00:00,Great Britain,Hornsea-2,Wind,petroineos,2026-06-05 00:53:48.024861,912.76545
2024-03-12 00:00:00,Great Britain,Hornsea-2,Wind,petroineos,2026-06-05 00:53:48.024861,231.674439
2024-03-13 00:00:00,Great Britain,Hornsea-2,Wind,petroineos,2026-06-05 00:53:48.024861,921.8869594
2024-03-14 00:00:00,Great Britain,Hornsea-2,Wind,petroineos,2026-06-05 00:53:48.024861,167.4628031
2024-03-15 00:00:00,Great Britain,Hornsea-2,Wind,petroineos,2026-06-05 00:53:48.024861,274.869196
2024-03-16 00:00:00,Great Britain,Hornsea-2,Wind,petroineos,2026-06-05 00:53:48.024861,890.2894352
2024-03-17 00:00:00,Great Britain,Hornsea-2,Wind,petroineos,2026-06-05 00:53:48.024861,755.8652581
2024-03-18 00:00:00,Great Britain,Hornsea-2,Wind,petroineos,2026-06-05 00:53:48.024861,144.580389
2024-03-19 00:00:00,Great Britain,Hornsea-2,Wind,petroineos,2026-06-05 00:53:48.024861,979.909946
2024-03-20 00:00:00,Great Britain,Hornsea-2,Wind,petroineos,2026-06-05 00:53:48.024861,225.7016086
2024-03-21 00:00:00,Great Britain,Hornsea-2,Wind,petroineos,2026-06-05 00:53:48.024861,122.6812629
2024-03-22 00:00:00,Great Britain,Hornsea-2,Wind,petroineos,2026-06-05 00:53:48.024861,850.6772828
2024-03-23 00:00:00,Great Britain,Hornsea-2,Wind,petroineos,2026-06-05 00:53:48.024861,592.8664332
2024-03-24 00:00:00,Great Britain,Hornsea-2,Wind,petroineos,2026-06-05 00:53:48.024861,909.900945
2024-03-25 00:00:00,Great Britain,Hornsea-2,Wind,petroineos,2026-06-05 00:53:48.024861,482.0656265
2024-03-26 00:00:00,Great Britain,Hornsea-2,Wind,petroineos,2026-06-05 00:53:48.024861,834.5213194
2024-03-27 00:00:00,Great Britain,Hornsea-2,Wind,petroineos,2026-06-05 00:53:48.024861,967.6060488
2024-03-28 00:00:00,Great Britain,Hornsea-2,Wind,petroineos,2026-06-05 00:53:48.024861,774.5970011
2024-03-29 00:00:00,Great Britain,Hornsea-2,Wind,petroineos,2026-06-05 00:53:48.024861,567.2113852
2024-03-30 00:00:00,Great Britain,Hornsea-2,Wind,petroineos,2026-06-05 00:53:48.024861,388.3642448
2024-03-31 00:00:00,Great Britain,Hornsea-2,Wind,petroineos,2026-06-05 00:53:48.024861,461.743856
2024-04-01 00:00:00,Great Britain,Hornsea-2,Wind,petroineos,2026-06-05 00:53:48.024861,598.6012806
2024-04-02 00:00:00,Great Britain,Hornsea-2,Wind,petroineos,2026-06-05 00:53:48.024861,701.7451267
2024-04-03 00:00:00,Great Britain,Hornsea-2,Wind,petroineos,2026-06-05 00:53:48.024861,493.2184362
2024-04-04 00:00:00,Great Britain,Hornsea-2,Wind,petroineos,2026-06-05 00:53:48.024861,147.8590588
2024-04-05 00:00:00,Great Britain,Hornsea-2,Wind,petroineos,2026-06-05 00:53:48.024861,329.6442161
2024-04-06 00:00:00,Great Britain,Hornsea-2,Wind,petroineos,2026-06-05 00:53:48.024861,49.98052245
2024-04-07 00:00:00,Great Britain,Hornsea-2,Wind,petroineos,2026-06-05 00:53:48.024861,335.0139466
2024-04-08 00:00:00,Great Britain,Hornsea-2,Wind,petroineos,2026-06-05 00:53:48.024861,645.7316741
2024-04-09 00:00:00,Great Britain,Hornsea-2,Wind,petroineos,2026-06-05 00:53:48.024861,258.8895412
2024-04-10 00:00:00,Great Britain,Hornsea-2,Wind,petroineos,2026-06-05 00:53:48.024861,297.9716881
2024-04-11 00:00:00,Great Britain,Hornsea-2,Wind,petroineos,2026-06-05 00:53:48.024861,999.1650955
2024-04-12 00:00:00,Great Britain,Hornsea-2,Wind,petroineos,2026-06-05 00:53:48.024861,711.620614
2024-04-13 00:00:00,Great Britain,Hornsea-2,Wind,petroineos,2026-06-05 00:53:48.024861,738.3597843
2024-04-14 00:00:00,Great Britain,Hornsea-2,Wind,petroineos,2026-06-05 00:53:48.024861,771.9505813
2024-04-15 00:00:00,Great Britain,Hornsea-2,Wind,petroineos,2026-06-05 00:53:48.024861,620.084798
2024-04-16 00:00:00,Great Britain,Hornsea-2,Wind,petroineos,2026-06-05 00:53:48.024861,987.11213
2024-04-17 00:00:00,Great Britain,Hornsea-2,Wind,petroineos,2026-06-05 00:53:48.024861,849.0392854
2024-04-18 00:00:00,Great Britain,Hornsea-2,Wind,petroineos,2026-06-05 00:53:48.024861,736.7394312
2024-04-19 00:00:00,Great Britain,Hornsea-2,Wind,petroineos,2026-06-05 00:53:48.024861,287.9323451
2024-04-20 00:00:00,Great Britain,Hornsea-2,Wind,petroineos,2026-06-05 00:53:48.024861,242.7501354
2024-04-21 00:00:00,Great Britain,Hornsea-2,Wind,petroineos,2026-06-05 00:53:48.024861,292.4618067
2024-04-22 00:00:00,Great Britain,Hornsea-2,Wind,petroineos,2026-06-05 00:53:48.024861,53.52629384
2024-04-23 00:00:00,Great Britain,Hornsea-2,Wind,petroineos,2026-06-05 00:53:48.024861,469.4414981
2024-04-24 00:00:00,Great Britain,Hornsea-2,Wind,petroineos,2026-06-05 00:53:48.024861,451.2872213
2024-04-25 00:00:00,Great Britain,Hornsea-2,Wind,petroineos,2026-06-05 00:53:48.024861,37.51407891
2024-04-26 00:00:00,Great Britain,Hornsea-2,Wind,petroineos,2026-06-05 00:53:48.024861,837.1897517
2024-04-27 00:00:00,Great Britain,Hornsea-2,Wind,petroineos,2026-06-05 00:53:48.024861,365.6814866
2024-04-28 00:00:00,Great Britain,Hornsea-2,Wind,petroineos,2026-06-05 00:53:48.024861,681.4992358
2024-04-29 00:00:00,Great Britain,Hornsea-2,Wind,petroineos,2026-06-05 00:53:48.024861,164.228258
2024-04-30 00:00:00,Great Britain,Hornsea-2,Wind,petroineos,2026-06-05 00:53:48.024861,990.088288
2024-05-01 00:00:00,Great Britain,Hornsea-2,Wind,petroineos,2026-06-05 00:53:48.024861,680.2969693
2024-05-02 00:00:00,Great Britain,Hornsea-2,Wind,petroineos,2026-06-05 00:53:48.024861,700.4729157
2024-05-03 00:00:00,Great Britain,Hornsea-2,Wind,petroineos,2026-06-05 00:53:48.024861,189.1034479
2024-05-04 00:00:00,Great Britain,Hornsea-2,Wind,petroineos,2026-06-05 00:53:48.024861,543.3545316
2024-05-05 00:00:00,Great Britain,Hornsea-2,Wind,petroineos,2026-06-05 00:53:48.024861,462.2583833
2024-05-06 00:00:00,Great Britain,Hornsea-2,Wind,petroineos,2026-06-05 00:53:48.024861,757.0202267
2024-05-07 00:00:00,Great Britain,Hornsea-2,Wind,petroineos,2026-06-05 00:53:48.024861,384.3004844
2024-05-08 00:00:00,Great Britain,Hornsea-2,Wind,petroineos,2026-06-05 00:53:48.024861,894.6555533
2024-05-09 00:00:00,Great Britain,Hornsea-2,Wind,petroineos,2026-06-05 00:53:48.024861,45.99446335
2024-05-10 00:00:00,Great Britain,Hornsea-2,Wind,petroineos,2026-06-05 00:53:48.024861,181.9893241
2024-05-11 00:00:00,Great Britain,Hornsea-2,Wind,petroineos,2026-06-05 00:53:48.024861,904.8543553
2024-05-12 00:00:00,Great Britain,Hornsea-2,Wind,petroineos,2026-06-05 00:53:48.024861,689.1128701
2024-05-13 00:00:00,Great Britain,Hornsea-2,Wind,petroineos,2026-06-05 00:53:48.024861,656.8842283
2024-05-14 00:00:00,Great Britain,Hornsea-2,Wind,petroineos,2026-06-05 00:53:48.024861,945.8891947
2024-05-15 00:00:00,Great Britain,Hornsea-2,Wind,petroineos,2026-06-05 00:53:48.024861,16.69431407
2024-05-16 00:00:00,Great Britain,Hornsea-2,Wind,petroineos,2026-06-05 00:53:48.024861,728.6695782
2024-05-17 00:00:00,Great Britain,Hornsea-2,Wind,petroineos,2026-06-05 00:53:48.024861,688.0236176
2024-05-18 00:00:00,Great Britain,Hornsea-2,Wind,petroineos,2026-06-05 00:53:48.024861,962.658133
2024-05-19 00:00:00,Great Britain,Hornsea-2,Wind,petroineos,2026-06-05 00:53:48.024861,390.9116193
2024-05-20 00:00:00,Great Britain,Hornsea-2,Wind,petroineos,2026-06-05 00:53:48.024861,718.8886863
2024-05-21 00:00:00,Great Britain,Hornsea-2,Wind,petroineos,2026-06-05 00:53:48.024861,246.4056443
2024-05-22 00:00:00,Great Britain,Hornsea-2,Wind,petroineos,2026-06-05 00:53:48.024861,107.146401
2024-05-23 00:00:00,Great Britain,Hornsea-2,Wind,petroineos,2026-06-05 00:53:48.024861,770.8043754
2024-05-24 00:00:00,Great Britain,Hornsea-2,Wind,petroineos,2026-06-05 00:53:48.024861,826.7441032
2024-05-25 00:00:00,Great Britain,Hornsea-2,Wind,petroineos,2026-06-05 00:53:48.024861,739.5461168
2024-05-26 00:00:00,Great Britain,Hornsea-2,Wind,petroineos,2026-06-05 00:53:48.024861,334.0058792
2024-05-27 00:00:00,Great Britain,Hornsea-2,Wind,petroineos,2026-06-05 00:53:48.024861,800.5244883
2024-05-28 00:00:00,Great Britain,Hornsea-2,Wind,petroineos,2026-06-05 00:53:48.024861,327.2593704
2024-05-29 00:00:00,Great Britain,Hornsea-2,Wind,petroineos,2026-06-05 00:53:48.024861,86.57323996
2024-05-30 00:00:00,Great Britain,Hornsea-2,Wind,petroineos,2026-06-05 00:53:48.024861,440.3797772
2024-05-31 00:00:00,Great Britain,Hornsea-2,Wind,petroineos,2026-06-05 00:53:48.024861,416.1225844
2024-06-01 00:00:00,Great Britain,Hornsea-2,Wind,petroineos,2026-06-05 00:53:48.024861,169.1019983
2024-06-02 00:00:00,Great Britain,Hornsea-2,Wind,petroineos,2026-06-05 00:53:48.024861,334.4659506
2024-06-03 00:00:00,Great Britain,Hornsea-2,Wind,petroineos,2026-06-05 00:53:48.024861,385.4983509
2024-06-04 00:00:00,Great Britain,Hornsea-2,Wind,petroineos,2026-06-05 00:53:48.024861,536.5476162
2024-06-05 00:00:00,Great Britain,Hornsea-2,Wind,petroineos,2026-06-05 00:53:48.024861,183.8620171
2024-06-06 00:00:00,Great Britain,Hornsea-2,Wind,petroineos,2026-06-05 00:53:48.024861,1.797160951
2024-06-07 00:00:00,Great Britain,Hornsea-2,Wind,petroineos,2026-06-05 00:53:48.024861,377.9307003
2024-06-08 00:00:00,Great Britain,Hornsea-2,Wind,petroineos,2026-06-05 00:53:48.024861,979.9527828
2024-06-09 00:00:00,Great Britain,Hornsea-2,Wind,petroineos,2026-06-05 00:53:48.024861,821.8002969
2024-06-10 00:00:00,Great Britain,Hornsea-2,Wind,petroineos,2026-06-05 00:53:48.024861,299.3921276
2024-06-11 00:00:00,Great Britain,Hornsea-2,Wind,petroineos,2026-06-05 00:53:48.024861,717.9438155
2024-06-12 00:00:00,Great Britain,Hornsea-2,Wind,petroineos,2026-06-05 00:53:48.024861,328.3221761
2024-06-13 00:00:00,Great Britain,Hornsea-2,Wind,petroineos,2026-06-05 00:53:48.024861,391.1573488
2024-06-14 00:00:00,Great Britain,Hornsea-2,Wind,petroineos,2026-06-05 00:53:48.024861,314.6615015
2024-06-15 00:00:00,Great Britain,Hornsea-2,Wind,petroineos,2026-06-05 00:53:48.024861,745.146166
2024-06-16 00:00:00,Great Britain,Hornsea-2,Wind,petroineos,2026-06-05 00:53:48.024861,116.8778446
2024-06-17 00:00:00,Great Britain,Hornsea-2,Wind,petroineos,2026-06-05 00:53:48.024861,655.3277779
2024-06-18 00:00:00,Great Britain,Hornsea-2,Wind,petroineos,2026-06-05 00:53:48.024861,220.6415219
2024-06-19 00:00:00,Great Britain,Hornsea-2,Wind,petroineos,2026-06-05 00:53:48.024861,188.5314737
2024-06-20 00:00:00,Great Britain,Hornsea-2,Wind,petroineos,2026-06-05 00:53:48.024861,80.2151068
2024-06-21 00:00:00,Great Britain,Hornsea-2,Wind,petroineos,2026-06-05 00:53:48.024861,705.6658403
2024-06-22 00:00:00,Great Britain,Hornsea-2,Wind,petroineos,2026-06-05 00:53:48.024861,742.248998
2024-06-23 00:00:00,Great Britain,Hornsea-2,Wind,petroineos,2026-06-05 00:53:48.024861,361.2008827
2024-06-24 00:00:00,Great Britain,Hornsea-2,Wind,petroineos,2026-06-05 00:53:48.024861,5.303836287
2024-06-25 00:00:00,Great Britain,Hornsea-2,Wind,petroineos,2026-06-05 00:53:48.024861,383.2075694
2024-06-26 00:00:00,Great Britain,Hornsea-2,Wind,petroineos,2026-06-05 00:53:48.024861,486.0073852
2024-06-27 00:00:00,Great Britain,Hornsea-2,Wind,petroineos,2026-06-05 00:53:48.024861,425.8198587
2024-06-28 00:00:00,Great Britain,Hornsea-2,Wind,petroineos,2026-06-05 00:53:48.024861,183.5323684
2024-06-29 00:00:00,Great Britain,Hornsea-2,Wind,petroineos,2026-06-05 00:53:48.024861,222.9287404
2024-06-30 00:00:00,Great Britain,Hornsea-2,Wind,petroineos,2026-06-05 00:53:48.024861,270.4734906
2024-07-01 00:00:00,Great Britain,Hornsea-2,Wind,petroineos,2026-06-05 00:53:48.024861,547.9842019
2024-07-02 00:00:00,Great Britain,Hornsea-2,Wind,petroineos,2026-06-05 00:53:48.024861,642.7169888
2024-07-03 00:00:00,Great Britain,Hornsea-2,Wind,petroineos,2026-06-05 00:53:48.024861,532.9807957
2024-07-04 00:00:00,Great Britain,Hornsea-2,Wind,petroineos,2026-06-05 00:53:48.024861,720.074516
2024-07-05 00:00:00,Great Britain,Hornsea-2,Wind,petroineos,2026-06-05 00:53:48.024861,454.4214499
2024-07-06 00:00:00,Great Britain,Hornsea-2,Wind,petroineos,2026-06-05 00:53:48.024861,600.8628827
2024-07-07 00:00:00,Great Britain,Hornsea-2,Wind,petroineos,2026-06-05 00:53:48.024861,704.0345435
2024-07-08 00:00:00,Great Britain,Hornsea-2,Wind,petroineos,2026-06-05 00:53:48.024861,212.9077798
2024-07-09 00:00:00,Great Britain,Hornsea-2,Wind,petroineos,2026-06-05 00:53:48.024861,850.8872038
2024-07-15 00:00:00,Great Britain,Hornsea-2,Wind,petroineos,2026-06-05 00:53:48.024861,339.4176879
2024-07-16 00:00:00,Great Britain,Hornsea-2,Wind,petroineos,2026-06-05 00:53:48.024861,492.877742
2024-07-17 00:00:00,Great Britain,Hornsea-2,Wind,petroineos,2026-06-05 00:53:48.024861,726.5809243
2024-07-18 00:00:00,Great Britain,Hornsea-2,Wind,petroineos,2026-06-05 00:53:48.024861,845.9784027
2024-07-19 00:00:00,Great Britain,Hornsea-2,Wind,petroineos,2026-06-05 00:53:48.024861,136.1978151
2024-07-20 00:00:00,Great Britain,Hornsea-2,Wind,petroineos,2026-06-05 00:53:48.024861,496.6840174
2024-07-21 00:00:00,Great Britain,Hornsea-2,Wind,petroineos,2026-06-05 00:53:48.024861,711.2689976
2024-07-22 00:00:00,Great Britain,Hornsea-2,Wind,petroineos,2026-06-05 00:53:48.024861,13.20636192
2024-07-23 00:00:00,Great Britain,Hornsea-2,Wind,petroineos,2026-06-05 00:53:48.024861,272.2635566
2024-07-24 00:00:00,Great Britain,Hornsea-2,Wind,petroineos,2026-06-05 00:53:48.024861,731.4147244
2024-07-25 00:00:00,Great Britain,Hornsea-2,Wind,petroineos,2026-06-05 00:53:48.024861,847.6727953
2024-07-26 00:00:00,Great Britain,Hornsea-2,Wind,petroineos,2026-06-05 00:53:48.024861,332.5116863
2024-07-27 00:00:00,Great Britain,Hornsea-2,Wind,petroineos,2026-06-05 00:53:48.024861,811.2241444
2024-07-28 00:00:00,Great Britain,Hornsea-2,Wind,petroineos,2026-06-05 00:53:48.024861,292.9427508
2024-07-29 00:00:00,Great Britain,Hornsea-2,Wind,petroineos,2026-06-05 00:53:48.024861,193.7070341
2024-07-30 00:00:00,Great Britain,Hornsea-2,Wind,petroineos,2026-06-05 00:53:48.024861,429.743399
2024-07-31 00:00:00,Great Britain,Hornsea-2,Wind,petroineos,2026-06-05 00:53:48.024861,324.6029912
2024-08-01 00:00:00,Great Britain,Hornsea-2,Wind,petroineos,2026-06-05 00:53:48.024861,553.8693478
2024-08-02 00:00:00,Great Britain,Hornsea-2,Wind,petroineos,2026-06-05 00:53:48.024861,487.1352177
2024-08-03 00:00:00,Great Britain,Hornsea-2,Wind,petroineos,2026-06-05 00:53:48.024861,859.6981872
2024-08-04 00:00:00,Great Britain,Hornsea-2,Wind,petroineos,2026-06-05 00:53:48.024861,612.3641803
2024-08-05 00:00:00,Great Britain,Hornsea-2,Wind,petroineos,2026-06-05 00:53:48.024861,61.69844841
2024-08-06 00:00:00,Great Britain,Hornsea-2,Wind,petroineos,2026-06-05 00:53:48.024861,937.1042495
2024-08-07 00:00:00,Great Britain,Hornsea-2,Wind,petroineos,2026-06-05 00:53:48.024861,439.9320857
2024-08-08 00:00:00,Great Britain,Hornsea-2,Wind,petroineos,2026-06-05 00:53:48.024861,392.4302783
2024-08-09 00:00:00,Great Britain,Hornsea-2,Wind,petroineos,2026-06-05 00:53:48.024861,146.1199307
2024-08-10 00:00:00,Great Britain,Hornsea-2,Wind,petroineos,2026-06-05 00:53:48.024861,375.3760373
2024-08-11 00:00:00,Great Britain,Hornsea-2,Wind,petroineos,2026-06-05 00:53:48.024861,824.7332167
2024-08-12 00:00:00,Great Britain,Hornsea-2,Wind,petroineos,2026-06-05 00:53:48.024861,715.8058069
2024-08-13 00:00:00,Great Britain,Hornsea-2,Wind,petroineos,2026-06-05 00:53:48.024861,598.1661751
2024-08-14 00:00:00,Great Britain,Hornsea-2,Wind,petroineos,2026-06-05 00:53:48.024861,375.7331209
2024-08-15 00:00:00,Great Britain,Hornsea-2,Wind,petroineos,2026-06-05 00:53:48.024861,756.4649121
2024-08-16 00:00:00,Great Britain,Hornsea-2,Wind,petroineos,2026-06-05 00:53:48.024861,445.7674256
2024-08-17 00:00:00,Great Britain,Hornsea-2,Wind,petroineos,2026-06-05 00:53:48.024861,441.4981213
2024-08-18 00:00:00,Great Britain,Hornsea-2,Wind,petroineos,2026-06-05 00:53:48.024861,232.1425592
2024-08-19 00:00:00,Great Britain,Hornsea-2,Wind,petroineos,2026-06-05 00:53:48.024861,69.66203661
2024-08-20 00:00:00,Great Britain,Hornsea-2,Wind,petroineos,2026-06-05 00:53:48.024861,415.7601619
2024-08-21 00:00:00,Great Britain,Hornsea-2,Wind,petroineos,2026-06-05 00:53:48.024861,196.3805616
2024-08-22 00:00:00,Great Britain,Hornsea-2,Wind,petroineos,2026-06-05 00:53:48.024861,37.23169057
2024-08-23 00:00:00,Great Britain,Hornsea-2,Wind,petroineos,2026-06-05 00:53:48.024861,60.29661614
2024-08-24 00:00:00,Great Britain,Hornsea-2,Wind,petroineos,2026-06-05 00:53:48.024861,877.6419629
2024-08-25 00:00:00,Great Britain,Hornsea-2,Wind,petroineos,2026-06-05 00:53:48.024861,999.0003732
2024-08-26 00:00:00,Great Britain,Hornsea-2,Wind,petroineos,2026-06-05 00:53:48.024861,231.8290146
2024-08-27 00:00:00,Great Britain,Hornsea-2,Wind,petroineos,2026-06-05 00:53:48.024861,689.5420923
2024-08-28 00:00:00,Great Britain,Hornsea-2,Wind,petroineos,2026-06-05 00:53:48.024861,64.7159684
2024-08-29 00:00:00,Great Britain,Hornsea-2,Wind,petroineos,2026-06-05 00:53:48.024861,736.8141333
2024-08-30 00:00:00,Great Britain,Hornsea-2,Wind,petroineos,2026-06-05 00:53:48.024861,373.8306891
2024-08-31 00:00:00,Great Britain,Hornsea-2,Wind,petroineos,2026-06-05 00:53:48.024861,713.3972642
2024-09-01 00:00:00,Great Britain,Hornsea-2,Wind,petroineos,2026-06-05 00:53:48.024861,141.6416313
2024-09-02 00:00:00,Great Britain,Hornsea-2,Wind,petroineos,2026-06-05 00:53:48.024861,80.13847914
2024-09-03 00:00:00,Great Britain,Hornsea-2,Wind,petroineos,2026-06-05 00:53:48.024861,828.9349096
2024-09-04 00:00:00,Great Britain,Hornsea-2,Wind,petroineos,2026-06-05 00:53:48.024861,277.6114939
2024-09-05 00:00:00,Great Britain,Hornsea-2,Wind,petroineos,2026-06-05 00:53:48.024861,955.7043041
2024-09-06 00:00:00,Great Britain,Hornsea-2,Wind,petroineos,2026-06-05 00:53:48.024861,209.3926264
2024-09-07 00:00:00,Great Britain,Hornsea-2,Wind,petroineos,2026-06-05 00:53:48.024861,614.468268
2024-09-08 00:00:00,Great Britain,Hornsea-2,Wind,petroineos,2026-06-05 00:53:48.024861,440.4100608
2024-09-09 00:00:00,Great Britain,Hornsea-2,Wind,petroineos,2026-06-05 00:53:48.024861,169.3705054
2024-09-10 00:00:00,Great Britain,Hornsea-2,Wind,petroineos,2026-06-05 00:53:48.024861,793.8832184
2024-09-11 00:00:00,Great Britain,Hornsea-2,Wind,petroineos,2026-06-05 00:53:48.024861,992.2252571
2024-09-12 00:00:00,Great Britain,Hornsea-2,Wind,petroineos,2026-06-05 00:53:48.024861,572.0250451
2024-09-13 00:00:00,Great Britain,Hornsea-2,Wind,petroineos,2026-06-05 00:53:48.024861,486.5323581
2024-09-14 00:00:00,Great Britain,Hornsea-2,Wind,petroineos,2026-06-05 00:53:48.024861,611.3075954
2024-09-15 00:00:00,Great Britain,Hornsea-2,Wind,petroineos,2026-06-05 00:53:48.024861,544.5544873
2024-09-16 00:00:00,Great Britain,Hornsea-2,Wind,petroineos,2026-06-05 00:53:48.024861,319.7320821
2024-09-17 00:00:00,Great Britain,Hornsea-2,Wind,petroineos,2026-06-05 00:53:48.024861,436.3950701
2024-09-18 00:00:00,Great Britain,Hornsea-2,Wind,petroineos,2026-06-05 00:53:48.024861,715.6351678
2024-09-19 00:00:00,Great Britain,Hornsea-2,Wind,petroineos,2026-06-05 00:53:48.024861,217.6176014
2024-09-20 00:00:00,Great Britain,Hornsea-2,Wind,petroineos,2026-06-05 00:53:48.024861,243.2711637
2024-09-21 00:00:00,Great Britain,Hornsea-2,Wind,petroineos,2026-06-05 00:53:48.024861,113.9065422
2024-09-22 00:00:00,Great Britain,Hornsea-2,Wind,petroineos,2026-06-05 00:53:48.024861,253.8065456
2024-09-23 00:00:00,Great Britain,Hornsea-2,Wind,petroineos,2026-06-05 00:53:48.024861,201.8680145
2024-09-24 00:00:00,Great Britain,Hornsea-2,Wind,petroineos,2026-06-05 00:53:48.024861,644.1369169
2024-09-25 00:00:00,Great Britain,Hornsea-2,Wind,petroineos,2026-06-05 00:53:48.024861,413.452603
2024-09-26 00:00:00,Great Britain,Hornsea-2,Wind,petroineos,2026-06-05 00:53:48.024861,864.96576
2024-09-27 00:00:00,Great Britain,Hornsea-2,Wind,petroineos,2026-06-05 00:53:48.024861,802.5383076
2024-09-28 00:00:00,Great Britain,Hornsea-2,Wind,petroineos,2026-06-05 00:53:48.024861,262.339973
2024-09-29 00:00:00,Great Britain,Hornsea-2,Wind,petroineos,2026-06-05 00:53:48.024861,299.9143114
2024-09-30 00:00:00,Great Britain,Hornsea-2,Wind,petroineos,2026-06-05 00:53:48.024861,494.7299757
2024-10-01 00:00:00,Great Britain,Hornsea-2,Wind,petroineos,2026-06-05 00:53:48.024861,898.2127608
2024-10-02 00:00:00,Great Britain,Hornsea-2,Wind,petroineos,2026-06-05 00:53:48.024861,115.195275
2024-10-03 00:00:00,Great Britain,Hornsea-2,Wind,petroineos,2026-06-05 00:53:48.024861,580.7282597
2024-10-04 00:00:00,Great Britain,Hornsea-2,Wind,petroineos,2026-06-05 00:53:48.024861,303.1710631
2024-10-05 00:00:00,Great Britain,Hornsea-2,Wind,petroineos,2026-06-05 00:53:48.024861,799.1169349
2024-10-06 00:00:00,Great Britain,Hornsea-2,Wind,petroineos,2026-06-05 00:53:48.024861,106.4071744
2024-10-07 00:00:00,Great Britain,Hornsea-2,Wind,petroineos,2026-06-05 00:53:48.024861,95.7833078
2024-10-08 00:00:00,Great Britain,Hornsea-2,Wind,petroineos,2026-06-05 00:53:48.024861,475.6129961
2024-10-09 00:00:00,Great Britain,Hornsea-2,Wind,petroineos,2026-06-05 00:53:48.024861,52.13720844
2024-10-10 00:00:00,Great Britain,Hornsea-2,Wind,petroineos,2026-06-05 00:53:48.024861,385.4338878
2024-10-11 00:00:00,Great Britain,Hornsea-2,Wind,petroineos,2026-06-05 00:53:48.024861,79.85695723
2024-10-12 00:00:00,Great Britain,Hornsea-2,Wind,petroineos,2026-06-05 00:53:48.024861,929.595893
2024-10-13 00:00:00,Great Britain,Hornsea-2,Wind,petroineos,2026-06-05 00:53:48.024861,709.6845698
2024-10-14 00:00:00,Great Britain,Hornsea-2,Wind,petroineos,2026-06-05 00:53:48.024861,753.1129337
2024-10-15 00:00:00,Great Britain,Hornsea-2,Wind,petroineos,2026-06-05 00:53:48.024861,534.5541619
2024-10-16 00:00:00,Great Britain,Hornsea-2,Wind,petroineos,2026-06-05 00:53:48.024861,988.3501463
2024-10-17 00:00:00,Great Britain,Hornsea-2,Wind,petroineos,2026-06-05 00:53:48.024861,629.0868184
2024-10-18 00:00:00,Great Britain,Hornsea-2,Wind,petroineos,2026-06-05 00:53:48.024861,691.8259258
2024-10-19 00:00:00,Great Britain,Hornsea-2,Wind,petroineos,2026-06-05 00:53:48.024861,43.36749217
2024-10-20 00:00:00,Great Britain,Hornsea-2,Wind,petroineos,2026-06-05 00:53:48.024861,96.02383828
2024-10-21 00:00:00,Great Britain,Hornsea-2,Wind,petroineos,2026-06-05 00:53:48.024861,817.563523
2024-10-22 00:00:00,Great Britain,Hornsea-2,Wind,petroineos,2026-06-05 00:53:48.024861,834.5098016
2024-10-23 00:00:00,Great Britain,Hornsea-2,Wind,petroineos,2026-06-05 00:53:48.024861,340.8086542
2024-10-24 00:00:00,Great Britain,Hornsea-2,Wind,petroineos,2026-06-05 00:53:48.024861,429.2767115
2024-10-25 00:00:00,Great Britain,Hornsea-2,Wind,petroineos,2026-06-05 00:53:48.024861,657.2112334
2024-10-26 00:00:00,Great Britain,Hornsea-2,Wind,petroineos,2026-06-05 00:53:48.024861,669.001579
2024-10-27 00:00:00,Great Britain,Hornsea-2,Wind,petroineos,2026-06-05 00:53:48.024861,845.7787182
2024-10-28 00:00:00,Great Britain,Hornsea-2,Wind,petroineos,2026-06-05 00:53:48.024861,945.0783189
2024-10-29 00:00:00,Great Britain,Hornsea-2,Wind,petroineos,2026-06-05 00:53:48.024861,730.6521174
2024-10-30 00:00:00,Great Britain,Hornsea-2,Wind,petroineos,2026-06-05 00:53:48.024861,408.4540926
2024-10-31 00:00:00,Great Britain,Hornsea-2,Wind,petroineos,2026-06-05 00:53:48.024861,195.2903529
2024-11-01 00:00:00,Great Britain,Hornsea-2,Wind,petroineos,2026-06-05 00:53:48.024861,755.7316496
2024-11-02 00:00:00,Great Britain,Hornsea-2,Wind,petroineos,2026-06-05 00:53:48.024861,562.0591089
2024-11-03 00:00:00,Great Britain,Hornsea-2,Wind,petroineos,2026-06-05 00:53:48.024861,822.8356126
2024-11-04 00:00:00,Great Britain,Hornsea-2,Wind,petroineos,2026-06-05 00:53:48.024861,463.5114214
2024-11-05 00:00:00,Great Britain,Hornsea-2,Wind,petroineos,2026-06-05 00:53:48.024861,47.21472249
2024-11-06 00:00:00,Great Britain,Hornsea-2,Wind,petroineos,2026-06-05 00:53:48.024861,149.9277465
2024-11-07 00:00:00,Great Britain,Hornsea-2,Wind,petroineos,2026-06-05 00:53:48.024861,776.7635459
2024-11-08 00:00:00,Great Britain,Hornsea-2,Wind,petroineos,2026-06-05 00:53:48.024861,156.6165245
2024-11-09 00:00:00,Great Britain,Hornsea-2,Wind,petroineos,2026-06-05 00:53:48.024861,432.7986337
2024-11-10 00:00:00,Great Britain,Hornsea-2,Wind,petroineos,2026-06-05 00:53:48.024861,501.6529548
2024-11-11 00:00:00,Great Britain,Hornsea-2,Wind,petroineos,2026-06-05 00:53:48.024861,943.8835981
2024-11-12 00:00:00,Great Britain,Hornsea-2,Wind,petroineos,2026-06-05 00:53:48.024861,878.231928
2024-11-13 00:00:00,Great Britain,Hornsea-2,Wind,petroineos,2026-06-05 00:53:48.024861,910.0661452
2024-11-14 00:00:00,Great Britain,Hornsea-2,Wind,petroineos,2026-06-05 00:53:48.024861,361.2223963
2024-11-15 00:00:00,Great Britain,Hornsea-2,Wind,petroineos,2026-06-05 00:53:48.024861,776.1752261
2024-11-16 00:00:00,Great Britain,Hornsea-2,Wind,petroineos,2026-06-05 00:53:48.024861,245.5490552
2024-11-17 00:00:00,Great Britain,Hornsea-2,Wind,petroineos,2026-06-05 00:53:48.024861,376.1991845
2024-11-18 00:00:00,Great Britain,Hornsea-2,Wind,petroineos,2026-06-05 00:53:48.024861,288.0788936
2024-11-19 00:00:00,Great Britain,Hornsea-2,Wind,petroineos,2026-06-05 00:53:48.024861,130.7781724
2024-11-20 00:00:00,Great Britain,Hornsea-2,Wind,petroineos,2026-06-05 00:53:48.024861,979.5794982
2024-11-21 00:00:00,Great Britain,Hornsea-2,Wind,petroineos,2026-06-05 00:53:48.024861,287.6018546
2024-11-22 00:00:00,Great Britain,Hornsea-2,Wind,petroineos,2026-06-05 00:53:48.024861,665.6830454
2024-11-23 00:00:00,Great Britain,Hornsea-2,Wind,petroineos,2026-06-05 00:53:48.024861,554.1183815
2024-11-24 00:00:00,Great Britain,Hornsea-2,Wind,petroineos,2026-06-05 00:53:48.024861,132.4615575
2024-11-25 00:00:00,Great Britain,Hornsea-2,Wind,petroineos,2026-06-05 00:53:48.024861,653.0502322
2024-11-26 00:00:00,Great Britain,Hornsea-2,Wind,petroineos,2026-06-05 00:53:48.024861,393.9217564
2024-11-27 00:00:00,Great Britain,Hornsea-2,Wind,petroineos,2026-06-05 00:53:48.024861,424.6878191
2024-11-28 00:00:00,Great Britain,Hornsea-2,Wind,petroineos,2026-06-05 00:53:48.024861,537.9074014
2024-11-29 00:00:00,Great Britain,Hornsea-2,Wind,petroineos,2026-06-05 00:53:48.024861,385.7635211
2024-11-30 00:00:00,Great Britain,Hornsea-2,Wind,petroineos,2026-06-05 00:53:48.024861,330.6078513
2024-12-01 00:00:00,Great Britain,Hornsea-2,Wind,petroineos,2026-06-05 00:53:48.024861,43.52844167
2024-12-02 00:00:00,Great Britain,Hornsea-2,Wind,petroineos,2026-06-05 00:53:48.024861,565.4859843
2024-12-03 00:00:00,Great Britain,Hornsea-2,Wind,petroineos,2026-06-05 00:53:48.024861,246.506316
2024-12-04 00:00:00,Great Britain,Hornsea-2,Wind,petroineos,2026-06-05 00:53:48.024861,757.824939
2024-12-05 00:00:00,Great Britain,Hornsea-2,Wind,petroineos,2026-06-05 00:53:48.024861,78.36904615
2024-12-06 00:00:00,Great Britain,Hornsea-2,Wind,petroineos,2026-06-05 00:53:48.024861,467.3484608
2024-12-07 00:00:00,Great Britain,Hornsea-2,Wind,petroineos,2026-06-05 00:53:48.024861,698.1306455
2024-12-08 00:00:00,Great Britain,Hornsea-2,Wind,petroineos,2026-06-05 00:53:48.024861,87.14017861
2024-12-09 00:00:00,Great Britain,Hornsea-2,Wind,petroineos,2026-06-05 00:53:48.024861,300.3795373
2024-12-10 00:00:00,Great Britain,Hornsea-2,Wind,petroineos,2026-06-05 00:53:48.024861,583.282855
2024-12-11 00:00:00,Great Britain,Hornsea-2,Wind,petroineos,2026-06-05 00:53:48.024861,722.0220396
2024-12-12 00:00:00,Great Britain,Hornsea-2,Wind,petroineos,2026-06-05 00:53:48.024861,740.3338044
2024-12-13 00:00:00,Great Britain,Hornsea-2,Wind,petroineos,2026-06-05 00:53:48.024861,987.3083636
2024-12-14 00:00:00,Great Britain,Hornsea-2,Wind,petroineos,2026-06-05 00:53:48.024861,132.8281084
2024-12-15 00:00:00,Great Britain,Hornsea-2,Wind,petroineos,2026-06-05 00:53:48.024861,212.2054268
2024-12-16 00:00:00,Great Britain,Hornsea-2,Wind,petroineos,2026-06-05 00:53:48.024861,910.0700685
2024-12-17 00:00:00,Great Britain,Hornsea-2,Wind,petroineos,2026-06-05 00:53:48.024861,855.5452938
2024-12-18 00:00:00,Great Britain,Hornsea-2,Wind,petroineos,2026-06-05 00:53:48.024861,469.8416432
2024-12-19 00:00:00,Great Britain,Hornsea-2,Wind,petroineos,2026-06-05 00:53:48.024861,318.0956846
2024-12-20 00:00:00,Great Britain,Hornsea-2,Wind,petroineos,2026-06-05 00:53:48.024861,804.6344026
2024-12-21 00:00:00,Great Britain,Hornsea-2,Wind,petroineos,2026-06-05 00:53:48.024861,429.0092545
2024-12-22 00:00:00,Great Britain,Hornsea-2,Wind,petroineos,2026-06-05 00:53:48.024861,685.1033796
2024-12-23 00:00:00,Great Britain,Hornsea-2,Wind,petroineos,2026-06-05 00:53:48.024861,813.2254339
2024-12-24 00:00:00,Great Britain,Hornsea-2,Wind,petroineos,2026-06-05 00:53:48.024861,334.4270204
2024-12-25 00:00:00,Great Britain,Hornsea-2,Wind,petroineos,2026-06-05 00:53:48.024861,362.6178497
2024-12-26 00:00:00,Great Britain,Hornsea-2,Wind,petroineos,2026-06-05 00:53:48.024861,225.7479632
2024-12-27 00:00:00,Great Britain,Hornsea-2,Wind,petroineos,2026-06-05 00:53:48.024861,626.6261935
2024-12-28 00:00:00,Great Britain,Hornsea-2,Wind,petroineos,2026-06-05 00:53:48.024861,120.69327
2024-12-29 00:00:00,Great Britain,Hornsea-2,Wind,petroineos,2026-06-05 00:53:48.024861,980.5752956
2024-12-30 00:00:00,Great Britain,Hornsea-2,Wind,petroineos,2026-06-05 00:53:48.024861,631.0185328
2024-12-31 00:00:00,Great Britain,Hornsea-2,Wind,petroineos,2026-06-05 00:53:48.024861,359.804276
2025-01-01 00:00:00,Great Britain,Hornsea-2,Wind,petroineos,2026-06-05 00:53:48.024861,852.1181159
2025-01-02 00:00:00,Great Britain,Hornsea-2,Wind,petroineos,2026-06-05 00:53:48.024861,764.2097863
2025-01-03 00:00:00,Great Britain,Hornsea-2,Wind,petroineos,2026-06-05 00:53:48.024861,139.942632
2025-01-04 00:00:00,Great Britain,Hornsea-2,Wind,petroineos,2026-06-05 00:53:48.024861,357.0030052
2025-01-05 00:00:00,Great Britain,Hornsea-2,Wind,petroineos,2026-06-05 00:53:48.024861,209.0898501
2025-01-06 00:00:00,Great Britain,Hornsea-2,Wind,petroineos,2026-06-05 00:53:48.024861,20.68262001
2025-01-07 00:00:00,Great Britain,Hornsea-2,Wind,petroineos,2026-06-05 00:53:48.024861,631.2228633
2025-01-08 00:00:00,Great Britain,Hornsea-2,Wind,petroineos,2026-06-05 00:53:48.024861,65.98452114
2025-01-09 00:00:00,Great Britain,Hornsea-2,Wind,petroineos,2026-06-05 00:53:48.024861,844.8679174
2025-01-10 00:00:00,Great Britain,Hornsea-2,Wind,petroineos,2026-06-05 00:53:48.024861,667.6867869
2025-01-11 00:00:00,Great Britain,Hornsea-2,Wind,petroineos,2026-06-05 00:53:48.024861,872.7080854
2025-01-12 00:00:00,Great Britain,Hornsea-2,Wind,petroineos,2026-06-05 00:53:48.024861,429.5695168
2025-01-13 00:00:00,Great Britain,Hornsea-2,Wind,petroineos,2026-06-05 00:53:48.024861,122.0006731
2025-01-14 00:00:00,Great Britain,Hornsea-2,Wind,petroineos,2026-06-05 00:53:48.024861,356.5315681
2025-01-15 00:00:00,Great Britain,Hornsea-2,Wind,petroineos,2026-06-05 00:53:48.024861,830.418239
2025-01-16 00:00:00,Great Britain,Hornsea-2,Wind,petroineos,2026-06-05 00:53:48.024861,917.9524011
2025-01-17 00:00:00,Great Britain,Hornsea-2,Wind,petroineos,2026-06-05 00:53:48.024861,144.7754328
2025-01-18 00:00:00,Great Britain,Hornsea-2,Wind,petroineos,2026-06-05 00:53:48.024861,706.5467276
2025-01-19 00:00:00,Great Britain,Hornsea-2,Wind,petroineos,2026-06-05 00:53:48.024861,558.4667623
2025-01-20 00:00:00,Great Britain,Hornsea-2,Wind,petroineos,2026-06-05 00:53:48.024861,254.9674534
2025-01-21 00:00:00,Great Britain,Hornsea-2,Wind,petroineos,2026-06-05 00:53:48.024861,607.088539
2025-01-22 00:00:00,Great Britain,Hornsea-2,Wind,petroineos,2026-06-05 00:53:48.024861,921.2300003
2025-01-23 00:00:00,Great Britain,Hornsea-2,Wind,petroineos,2026-06-05 00:53:48.024861,411.2293215
2025-01-24 00:00:00,Great Britain,Hornsea-2,Wind,petroineos,2026-06-05 00:53:48.024861,61.38099549
2025-01-25 00:00:00,Great Britain,Hornsea-2,Wind,petroineos,2026-06-05 00:53:48.024861,522.0710365
2025-01-26 00:00:00,Great Britain,Hornsea-2,Wind,petroineos,2026-06-05 00:53:48.024861,884.4860488
2025-01-27 00:00:00,Great Britain,Hornsea-2,Wind,petroineos,2026-06-05 00:53:48.024861,643.5136872
2025-01-28 00:00:00,Great Britain,Hornsea-2,Wind,petroineos,2026-06-05 00:53:48.024861,981.5964974
2025-01-29 00:00:00,Great Britain,Hornsea-2,Wind,petroineos,2026-06-05 00:53:48.024861,29.75982613
2025-01-30 00:00:00,Great Britain,Hornsea-2,Wind,petroineos,2026-06-05 00:53:48.024861,568.5512745
2025-01-31 00:00:00,Great Britain,Hornsea-2,Wind,petroineos,2026-06-05 00:53:48.024861,223.4833581
2025-02-01 00:00:00,Great Britain,Hornsea-2,Wind,petroineos,2026-06-05 00:53:48.024861,150.7325098
2025-02-02 00:00:00,Great Britain,Hornsea-2,Wind,petroineos,2026-06-05 00:53:48.024861,980.8909885
2025-02-03 00:00:00,Great Britain,Hornsea-2,Wind,petroineos,2026-06-05 00:53:48.024861,334.1827368
2025-02-04 00:00:00,Great Britain,Hornsea-2,Wind,petroineos,2026-06-05 00:53:48.024861,508.8684741
2025-02-05 00:00:00,Great Britain,Hornsea-2,Wind,petroineos,2026-06-05 00:53:48.024861,299.4333519
2025-02-06 00:00:00,Great Britain,Hornsea-2,Wind,petroineos,2026-06-05 00:53:48.024861,573.6922328
2025-02-07 00:00:00,Great Britain,Hornsea-2,Wind,petroineos,2026-06-05 00:53:48.024861,540.8672796
2025-02-08 00:00:00,Great Britain,Hornsea-2,Wind,petroineos,2026-06-05 00:53:48.024861,842.2940152
2025-02-09 00:00:00,Great Britain,Hornsea-2,Wind,petroineos,2026-06-05 00:53:48.024861,39.94906178
2025-02-10 00:00:00,Great Britain,Hornsea-2,Wind,petroineos,2026-06-05 00:53:48.024861,186.7803907
2025-02-11 00:00:00,Great Britain,Hornsea-2,Wind,petroineos,2026-06-05 00:53:48.024861,700.3394208
2025-02-12 00:00:00,Great Britain,Hornsea-2,Wind,petroineos,2026-06-05 00:53:48.024861,57.23550471
2025-02-13 00:00:00,Great Britain,Hornsea-2,Wind,petroineos,2026-06-05 00:53:48.024861,776.8593743
2025-02-14 00:00:00,Great Britain,Hornsea-2,Wind,petroineos,2026-06-05 00:53:48.024861,950.2308788
2025-02-15 00:00:00,Great Britain,Hornsea-2,Wind,petroineos,2026-06-05 00:53:48.024861,332.9024197
2025-02-16 00:00:00,Great Britain,Hornsea-2,Wind,petroineos,2026-06-05 00:53:48.024861,683.0480873
2025-02-17 00:00:00,Great Britain,Hornsea-2,Wind,petroineos,2026-06-05 00:53:48.024861,809.6130219
2025-02-18 00:00:00,Great Britain,Hornsea-2,Wind,petroineos,2026-06-05 00:53:48.024861,641.7398922
2025-02-19 00:00:00,Great Britain,Hornsea-2,Wind,petroineos,2026-06-05 00:53:48.024861,482.8391391
2025-02-20 00:00:00,Great Britain,Hornsea-2,Wind,petroineos,2026-06-05 00:53:48.024861,728.899582
2025-02-21 00:00:00,Great Britain,Hornsea-2,Wind,petroineos,2026-06-05 00:53:48.024861,20.73017432
2025-02-22 00:00:00,Great Britain,Hornsea-2,Wind,petroineos,2026-06-05 00:53:48.024861,393.1821759
2025-02-23 00:00:00,Great Britain,Hornsea-2,Wind,petroineos,2026-06-05 00:53:48.024861,567.700469
2025-02-24 00:00:00,Great Britain,Hornsea-2,Wind,petroineos,2026-06-05 00:53:48.024861,887.5548228
2025-02-25 00:00:00,Great Britain,Hornsea-2,Wind,petroineos,2026-06-05 00:53:48.024861,891.1155763
2025-02-26 00:00:00,Great Britain,Hornsea-2,Wind,petroineos,2026-06-05 00:53:48.024861,918.2207191
2025-02-27 00:00:00,Great Britain,Hornsea-2,Wind,petroineos,2026-06-05 00:53:48.024861,850.9039253
2025-02-28 00:00:00,Great Britain,Hornsea-2,Wind,petroineos,2026-06-05 00:53:48.024861,593.8421722
2025-03-01 00:00:00,Great Britain,Hornsea-2,Wind,petroineos,2026-06-05 00:53:48.024861,752.8971993
2025-03-02 00:00:00,Great Britain,Hornsea-2,Wind,petroineos,2026-06-05 00:53:48.024861,794.6721668
2025-03-03 00:00:00,Great Britain,Hornsea-2,Wind,petroineos,2026-06-05 00:53:48.024861,512.9451195
2025-03-04 00:00:00,Great Britain,Hornsea-2,Wind,petroineos,2026-06-05 00:53:48.024861,745.362303
2025-03-05 00:00:00,Great Britain,Hornsea-2,Wind,petroineos,2026-06-05 00:53:48.024861,287.3622119
2025-03-06 00:00:00,Great Britain,Hornsea-2,Wind,petroineos,2026-06-05 00:53:48.024861,883.529801
2025-03-07 00:00:00,Great Britain,Hornsea-2,Wind,petroineos,2026-06-05 00:53:48.024861,107.6494787
2025-03-08 00:00:00,Great Britain,Hornsea-2,Wind,petroineos,2026-06-05 00:53:48.024861,617.6875862
2025-03-09 00:00:00,Great Britain,Hornsea-2,Wind,petroineos,2026-06-05 00:53:48.024861,735.3782237
2025-03-10 00:00:00,Great Britain,Hornsea-2,Wind,petroineos,2026-06-05 00:53:48.024861,378.6810322
2025-03-11 00:00:00,Great Britain,Hornsea-2,Wind,petroineos,2026-06-05 00:53:48.024861,263.3745022
2025-03-12 00:00:00,Great Britain,Hornsea-2,Wind,petroineos,2026-06-05 00:53:48.024861,905.4216419
2025-03-13 00:00:00,Great Britain,Hornsea-2,Wind,petroineos,2026-06-05 00:53:48.024861,764.8777873
2025-03-14 00:00:00,Great Britain,Hornsea-2,Wind,petroineos,2026-06-05 00:53:48.024861,569.4757983
2025-03-15 00:00:00,Great Britain,Hornsea-2,Wind,petroineos,2026-06-05 00:53:48.024861,295.9635286
2025-03-16 00:00:00,Great Britain,Hornsea-2,Wind,petroineos,2026-06-05 00:53:48.024861,233.5385267
2025-03-17 00:00:00,Great Britain,Hornsea-2,Wind,petroineos,2026-06-05 00:53:48.024861,46.35172319
2025-03-18 00:00:00,Great Britain,Hornsea-2,Wind,petroineos,2026-06-05 00:53:48.024861,820.9741431
2025-03-19 00:00:00,Great Britain,Hornsea-2,Wind,petroineos,2026-06-05 00:53:48.024861,580.4118561
2025-03-20 00:00:00,Great Britain,Hornsea-2,Wind,petroineos,2026-06-05 00:53:48.024861,718.7165312
2025-03-21 00:00:00,Great Britain,Hornsea-2,Wind,petroineos,2026-06-05 00:53:48.024861,78.02380442
2025-03-22 00:00:00,Great Britain,Hornsea-2,Wind,petroineos,2026-06-05 00:53:48.024861,862.100734
2025-03-23 00:00:00,Great Britain,Hornsea-2,Wind,petroineos,2026-06-05 00:53:48.024861,427.6871785
2025-03-24 00:00:00,Great Britain,Hornsea-2,Wind,petroineos,2026-06-05 00:53:48.024861,681.9236115
2025-03-25 00:00:00,Great Britain,Hornsea-2,Wind,petroineos,2026-06-05 00:53:48.024861,418.4242051
2025-03-26 00:00:00,Great Britain,Hornsea-2,Wind,petroineos,2026-06-05 00:53:48.024861,704.6188325
2025-03-27 00:00:00,Great Britain,Hornsea-2,Wind,petroineos,2026-06-05 00:53:48.024861,352.6919153
2025-03-28 00:00:00,Great Britain,Hornsea-2,Wind,petroineos,2026-06-05 00:53:48.024861,825.2904203
2025-03-29 00:00:00,Great Britain,Hornsea-2,Wind,petroineos,2026-06-05 00:53:48.024861,712.8689544
2025-03-30 00:00:00,Great Britain,Hornsea-2,Wind,petroineos,2026-06-05 00:53:48.024861,153.9155512
2025-03-31 00:00:00,Great Britain,Hornsea-2,Wind,petroineos,2026-06-05 00:53:48.024861,167.3699599
2025-04-01 00:00:00,Great Britain,Hornsea-2,Wind,petroineos,2026-06-05 00:53:48.024861,799.751396
2025-04-02 00:00:00,Great Britain,Hornsea-2,Wind,petroineos,2026-06-05 00:53:48.024861,457.2806253
2025-04-03 00:00:00,Great Britain,Hornsea-2,Wind,petroineos,2026-06-05 00:53:48.024861,703.6004544
2025-04-04 00:00:00,Great Britain,Hornsea-2,Wind,petroineos,2026-06-05 00:53:48.024861,882.1050162
2025-04-05 00:00:00,Great Britain,Hornsea-2,Wind,petroineos,2026-06-05 00:53:48.024861,893.2220764
2025-04-06 00:00:00,Great Britain,Hornsea-2,Wind,petroineos,2026-06-05 00:53:48.024861,533.4870565
2025-04-07 00:00:00,Great Britain,Hornsea-2,Wind,petroineos,2026-06-05 00:53:48.024861,151.7608346
2025-04-08 00:00:00,Great Britain,Hornsea-2,Wind,petroineos,2026-06-05 00:53:48.024861,452.6935932
2025-04-09 00:00:00,Great Britain,Hornsea-2,Wind,petroineos,2026-06-05 00:53:48.024861,67.21231593
2025-04-10 00:00:00,Great Britain,Hornsea-2,Wind,petroineos,2026-06-05 00:53:48.024861,38.94811069
2025-04-11 00:00:00,Great Britain,Hornsea-2,Wind,petroineos,2026-06-05 00:53:48.024861,439.3113748
2025-04-12 00:00:00,Great Britain,Hornsea-2,Wind,petroineos,2026-06-05 00:53:48.024861,334.1764145
2025-04-13 00:00:00,Great Britain,Hornsea-2,Wind,petroineos,2026-06-05 00:53:48.024861,915.9272937
2025-04-14 00:00:00,Great Britain,Hornsea-2,Wind,petroineos,2026-06-05 00:53:48.024861,374.6837804
2025-04-15 00:00:00,Great Britain,Hornsea-2,Wind,petroineos,2026-06-05 00:53:48.024861,825.4770864
2025-04-16 00:00:00,Great Britain,Hornsea-2,Wind,petroineos,2026-06-05 00:53:48.024861,801.4350521
2025-04-17 00:00:00,Great Britain,Hornsea-2,Wind,petroineos,2026-06-05 00:53:48.024861,894.5285903
2025-04-18 00:00:00,Great Britain,Hornsea-2,Wind,petroineos,2026-06-05 00:53:48.024861,149.2278228
2025-04-19 00:00:00,Great Britain,Hornsea-2,Wind,petroineos,2026-06-05 00:53:48.024861,978.3413018
2025-04-20 00:00:00,Great Britain,Hornsea-2,Wind,petroineos,2026-06-05 00:53:48.024861,128.0548481
2025-04-21 00:00:00,Great Britain,Hornsea-2,Wind,petroineos,2026-06-05 00:53:48.024861,711.2316193
2025-04-22 00:00:00,Great Britain,Hornsea-2,Wind,petroineos,2026-06-05 00:53:48.024861,808.5345848
2025-04-23 00:00:00,Great Britain,Hornsea-2,Wind,petroineos,2026-06-05 00:53:48.024861,142.4503395
2025-04-24 00:00:00,Great Britain,Hornsea-2,Wind,petroineos,2026-06-05 00:53:48.024861,392.0821841
2025-04-25 00:00:00,Great Britain,Hornsea-2,Wind,petroineos,2026-06-05 00:53:48.024861,920.8478773
